id,buyerName,lenderName,address,city,saleDate,saleValue,loanAmount
1,HARMONY DESIGN LLC,RCN CAPITAL LLC,1301 LANCASTER AVE,WILMINGTON,2025-06-30,147200,140700
2,LIBERTY ONE HOMES LLC,HARD MONEY NJ LLC,13 BRADY CIR,MIDDLETOWN,2025-06-30,180000,220000
3,SALEM HVAC LLC,SHALLCROSS MORTGAGE COMPANY,110 W 24TH ST,WILMINGTON,2025-06-30,80000,150000
4,04M HOLDINGS LLC,BEELINE LOANS INC,12 EDGEBROOKE WAY,NEWARK,2025-06-30,275000,178750
5,BENGOL REAL ESTATES GROUP LLC,SHALLCROSS MORTGAGE COMPANY,120 COMMONWEALTH AVE,CLAYMONT,2025-06-30,280000,280000
6,RNB INVESTMENTS LLC,VONTIVE INC,37318 KESTREL WAY,OCEAN VIEW,2025-06-30,465000,418500
7,LSANDRITH LLC,SHALLCROSS MORTGAGE COMPANY,3210 FERNWOOD PL,WILMINGTON,2025-06-27,167000,200000
8,DBF GENERAL CONTRACTING LLC,SHALLCROSS MORTGAGE COMPANY,318 ATKINSON RD,WILMINGTON,2025-06-27,165000,210000
9,CRASH BOAT LLC,BELL ISLAND MORTGAGE INC,347 FAIRWAY LN,DAGSBORO,2025-06-27,285000,435000
10,GEORGETOWN OFFICES P2 LLC,STATE BANK,,GEORGETOWN,2025-06-27,2050000,1575000
11,HH CONTRIBUTION LLC,RFLF 4 LLC,51 VERDI CIR,NEWARK,2025-06-26,187000,218000
12,CAPSTONE HOMES LLC,COUNTY BANK,26030 HAYFIELD LN,MILLSBORO,2025-06-26,77000,245250
13,CAPSTONE HOMES LLC,COUNTY BANK,26018 HAYFIELD LN,MILLSBORO,2025-06-26,77000,226500
14,CAPSTONE HOMES LLC,COUNTY BANK,26006 HAYFIELD LN,MILLSBORO,2025-06-26,77000,226500
15,ZAHRAREALTY LLC,KIAVI FUNDING INC,760 E LOOCKERMAN ST,DOVER,2025-06-25,189500,173500
16,RHR HOLDINGS LLC,SPG CAPITAL FUND I LLC,833 W 5TH ST,WILMINGTON,2025-06-25,85000,130000
17,PRIORITY ONE REAL ESTATE SERVICES LLC,SHALLCROSS MORTGAGE COMPANY,125 E LAKE ST,MIDDLETOWN,2025-06-25,145000,210000
18,OIKOS PROPERTY INVESTMENTS LLC,STRATEGIC GROWTH CAPITAL LLC,23118 ARGOS CORNER RD,MILFORD,2025-06-25,125000,127200
19,BROADKILL VENTURES LLC,STONE JESSICA,34626 SAINT GEORGE RD,DELMAR,2025-06-25,100000,110000
20,PFL PROPERTIES LLC,STONE JESSICA,201 OLD MILL RD,DOVER,2025-06-24,200000,210000
21,TIMELESSFINDS LLC,NATIONAL LOAN FUNDING LLC,510 FOULK RD,WILMINGTON,2025-06-24,307000,357000
22,RBJ HOMES LLC,SPG CAPITAL FUND I LLC,1208 CONRAD ST,WILMINGTON,2025-06-24,50000,105000
23,SEAL ENTERPRISE LLC,STONE BAY HOLDINGS II LLC,1207 CONRAD ST,WILMINGTON,2025-06-24,50000,146000
24,DARERGO PROPERTIES LLC,ROMI CAPITAL LLC,38 WINBURNE DR,NEW CASTLE,2025-06-24,153240,180000
25,BIGG JIMS HOMES LLC,DOMINION FIN'L SERVICES LLC,36950 WELLS LN,MILLSBORO,2025-06-24,177000,262000
26,CABAZZA REALTY GROUP LLC,SHALLCROSS MORTGAGE COMPANY,56 S NEW ST,DOVER,2025-06-23,70000,150000
27,BROADKILL VENTURES LLC,STONE JESSICA,18406 PROGRESS SCHOOL RD,BRIDGEVILLE,2025-06-23,81000,80000
28,BIGG JIMS HOMES LLC,DOMINION FIN'L SERVICES LLC,2830 WOODYARD RD,HARRINGTON,2025-06-20,200000,273000
29,BRIGHTNOVA INC,COMMERCIAL LENDER LLC,421 E 2ND ST,WILMINGTON,2025-06-20,100000,152000
30,RIA ENTERPRISES INC,HARD MONEY NJ LLC,18 DENHAM AVE,CLAYMONT,2025-06-20,140000,120000
31,CARMA GROUP LLC,RCN CAPITAL LLC,108 HUNN RD,NEW CASTLE,2025-06-20,220000,243750
32,RVN SOLUTIONS LLC,PROSPERITY HOME MORTGAGE LLC,10 JAMES CT,NEWARK,2025-06-20,255000,204000
33,BIGG JIMS HOMES LLC,COOLDOG INVESTMENTS LLC,24532 DEEP BRANCH RD,GEORGETOWN,2025-06-20,162500,262500
34,TRATRAN LLC,BLUE GATE CAPITAL LLC,11 BENNETT POINT LN,OCEAN VIEW,2025-06-20,555000,416250
35,SEPA INVEST LLC,WHITE HARBOR LLC,402 MAPLE AVE,NEWPORT,2025-06-19,100000,193000
36,NAVY REAL ESTATE LLC,RFLF 4 LLC,557 BLACKBIRD GREENSPRING RD,SMYRNA,2025-06-18,250000,341250
37,DELAWARE AVE LLC,FIRST CITIZENS COMMUNITY BANK,3314 SILVERSIDE RD,WILMINGTON,2025-06-18,1300000,975000
38,DELAWARE AVE LLC,FIRST CITIZENS COMMUNITY BANK,3308 SILVERSIDE RD,WILMINGTON,2025-06-18,1300000,975000
39,DELAWARE AVE LLC,FIRST CITIZENS COMMUNITY BANK,2320 SHIPLEY RD,WILMINGTON,2025-06-18,1300000,975000
40,ZAHRA REALTY LLC,KIAVI FUNDING INC,102 KENWOOD LN,WILMINGTON,2025-06-17,212000,233300
41,NAVY REAL ESTATE LLC,RFLF 4 LLC,32 COLBY AVE,CLAYMONT,2025-06-17,80000,154400
42,MEJIA CONSTRUCTION LLC,BRRRR FUNDER LLC,52 CHADDWYCK BLVD,NEW CASTLE,2025-06-17,379500,303600
43,IMPERIO ENTERPRISES LLC,KIAVI FUNDING INC,2 HAZEL AVE,WILMINGTON,2025-06-16,215000,260500
44,WINSLOW DESIGN LLC,PAS MORTGAGE INC,25031 SALTWATER CIR,SELBYVILLE,2025-06-16,419200,427500
45,HASEB ENTERPRISE LLC,HAILSTONE JAMES,119 MECHANIC ST,HARRINGTON,2025-06-13,101000,152000
46,JOHNSON CAPITAL GROUP LLC,OUT EAST HOLDINGS LLC,621 E 22ND ST,WILMINGTON,2025-06-13,125000,165000
47,AMCAN CONSULTING LLC,RFLF 4 LLC,215 ALDERS DR,WILMINGTON,2025-06-13,300000,315000
48,NEXCASA PARTNERS LLC,ROSS CAPITAL PARTNERS LLC,1112 READ ST,WILMINGTON,2025-06-12,115000,160000
49,JJPI HOMES LLC,ROSS CAPITAL PARTNERS LLC,101 W 27TH ST,WILMINGTON,2025-06-12,137500,169000
50,211 NORFOLK LLC,ARTISANS' BANK,211 NORFOLK ST,REHOBOTH BEACH,2025-06-12,1875000,1835000
51,LPF 2017 LLC,ICE LENDER HOLDINGS LLC,2705 SPEAKMAN PL,WILMINGTON,2025-06-11,125000,152790
52,1522 W 7TH ST ASSOCIATES LLC,SHALLCROSS MORTGAGE COMPANY,1522 W 7TH ST,WILMINGTON,2025-06-11,420000,460000
53,BRIGHTNOVA INC,COMMERCIAL LENDER LLC,1818 W 4TH ST,WILMINGTON,2025-06-09,125000,165000
54,TASKI LLC,BANK OF OCEAN CITY,37231 SAND DOLLAR LN,SELBYVILLE,2025-06-09,760000,170000
55,MEADOW LANE INVESTMENT LLC,PROSPERITY HOME MORTGAGE LLC,33790 FREEPORT DR,LEWES,2025-06-09,589900,320500
56,APPLETON ENTERPRISES LLC,UNITED WHOLESALE MORTGAGE LLC,715 LEHIGH RD,NEWARK,2025-06-06,380000,273750
57,NAVY REAL ESTATE 4 LLC,RFLF 4 LLC,600 N BROOM ST,WILMINGTON,2025-06-06,450000,448000
58,UPPER ROOM GROUP LLC,KIAVI FUNDING INC,17 ALVIL RD,WILMINGTON,2025-06-06,195000,243800
59,BLU BIRD HOLDINGS INC,LARRYS LATE NIGHT LENDING LLC,206 WHITHERSPOON LN,NEWARK,2025-06-06,155000,215000
60,NEST RE LLC,RRR GROUP INC,2701 JESSUP ST,WILMINGTON,2025-06-06,78000,118000
61,FRIULI BUILDING GROUP LLC,AAR LENDING LLC,609 SOUTH ST,HISTORIC NEW CASTLE,2025-06-06,195000,210000
62,CELIS HOMES LLC,KIAVI FUNDING INC,730 E 22ND ST,WILMINGTON,2025-06-06,110000,130500
63,PIZARRO & SONS PROPERTIES LLC,ROSS CAPITAL PARTNERS LLC,415 N CLAYTON ST,WILMINGTON,2025-06-06,115000,138000
64,JJPI HOMES LLC,ROSS CAPITAL PARTNERS LLC,407 TOWNSEND ST,WILMINGTON,2025-06-06,150000,150000
65,NASSAU GENERAL CONSULTING LLC,MORGAN STANLEY PVT BANK NA,4 BRITTANY LN,LEWES,2025-06-06,1350000,877500
66,CMORRIS CASTLE INC,UNITED WHOLESALE MORTGAGE LLC,34 N NEW ST,DOVER,2025-06-05,225000,168750
67,REIGN REALTY LLC,ARTISANS' BANK,2909 LANCASTER AVE,WILMINGTON,2025-06-05,485000,388000
68,J STEVENS CONSTRUCTION INC,KNOTHE MARY,6 WORRAL CT,NEWARK,2025-06-05,297575,387000
69,MORET PROPERTIES LLC,ROSS CAPITAL PARTNERS LLC,123 RODNEY DR,NEW CASTLE,2025-06-05,195000,235000
70,MID-ATLANTIC HOLDINGS LLC,S D MORTGAGE GROUP LLC,113 COMANCHE CIR,MILLSBORO,2025-06-05,299000,224250
71,KILEY ROSE PROPERTIES LLC,BPL MORTGAGE LLC,110 BIRCH AVE,WILMINGTON,2025-06-04,175000,140000
72,UNIFIED MINDS LLC,VISTA POINT MORTGAGE LLC,122 VINCENT CIR,MIDDLETOWN,2025-06-04,272501,204375
73,SALEM HVAC LLC,SHALLCROSS MORTGAGE COMPANY,204 KIAMENSI RD,WILMINGTON,2025-06-04,150000,260000
74,DYNAMIC PROPERTY SOLUTIONS LLC,BAQI SEYAR,16439 POLK RD,BRIDGEVILLE,2025-06-04,155000,190000
75,MOLECULAR IMAGING SERVICES INTERNATIONAL LLC,WILMINGTON SVG FUND SOCIETY F,23 MARINA VIEW CT,BETHANY BEACH,2025-06-04,737000,589600
76,ECUA CORP,DARKOW LORI,2004 N JEFFERSON ST,WILMINGTON,2025-06-03,175000,220000
77,SEPA INVEST LLC,WHITE HARBOR LLC,1904 GARFIELD AVE,WILMINGTON,2025-06-03,165000,235000
78,SOBROOK LLC,ARTISANS' BANK,37419 5TH ST,REHOBOTH BEACH,2025-06-03,750000,500000
79,1612 N UNION ST ASSOCIATES LLC,SHALLCROSS MORTGAGE COMPANY,1612 N UNION ST,WILMINGTON,2025-06-02,285000,310000
80,ULTRA CONSTRUCTION LLC,CAMAPLAN,802 E 22ND ST,WILMINGTON,2025-06-02,92000,100000
81,DELAWARE CONTRACTS LLC,LARRYS LATE NIGHT LENDING LLC,208 HARDING AVE,WILMINGTON,2025-06-02,150000,190000
82,AJAX GUS BGB LLC,ASCHENBACH THOMAS,658 TINGLE AVE,BETHANY BEACH,2025-06-02,999000,1000000
83,J & S BASLER INVESTMENTS LLC,NATIONAL LOAN FUNDING LLC,57 GLENN FOREST RD,MAGNOLIA,2025-05-30,210000,216000
84,DESTROY & REPAIR LLC,SHALLCROSS MORTGAGE COMPANY,1627 LANCASTER AVE,WILMINGTON,2025-05-30,100000,150000
85,APURE LLC,SHALLCROSS MORTGAGE COMPANY,48 CHIPPENDALE CIR,NEWARK,2025-05-30,165000,265000
86,BIGG JIMS HOMES LLC,CAMA SDIRA LLC,18078 BEACH HWY,ELLENDALE,2025-05-30,108000,199000
87,BARKSDALES INVESTMENT GROUP LLC,SHALLCROSS MORTGAGE COMPANY,632 MARSHALL ST,MILFORD,2025-05-30,155000,230000
88,JRO LLC,STONE JESSICA,310 HENRY COWGILL RD,CAMDEN WYOMING,2025-05-29,60000,75000
89,CK PROPERTY SOLUTIONS LLC,PIPER PROPERTIES LLC,924 CLYDESDALE DR,BEAR,2025-05-29,250000,200000
90,RALLY PROPERTY SOLUTIONS LTD,RFLF 4 LLC,4404 MILLER RD,WILMINGTON,2025-05-29,301000,344350
91,FAMILIES THRIVING LLC,SHALLCROSS MORTGAGE COMPANY,1325 VANDEVER AVE,WILMINGTON,2025-05-29,79000,130000
92,UPPER ROOM GROUP LLC,SPELL THOMAS,25 KOLLMAN DR,NEWARK,2025-05-28,190000,150000
93,ORANGE OWL LLC,SILVER HILL FUNDING LLC,10 OSPREY LN,MIDDLETOWN,2025-05-28,350000,420000
94,IMPERIO ENTERPRISES LLC,LOAN FUNDER LLC SERIES 103154,2704 LANCASTER AVE,WILMINGTON,2025-05-28,304000,228000
95,ELNOW LLC,ARDRI LLC,29174 OCEAN RD UNIT 105,BETHANY BEACH,2025-05-28,950000,665000
96,MAST HOMES LLC,DOMINION FIN'L SERVICES LLC,1465 MILLINGTON RD,CLAYTON,2025-05-23,122000,177000
97,NOLTE REALTY INC,DELAWARE INV SERVICES INC,8 VERSAILLES CT,NEWARK,2025-05-23,184500,242500
98,GREENPHREY PROPERTIES LLC,BLUEBIRD LENDING LLC,35 COLE BLVD,MIDDLETOWN,2025-05-23,208000,166400
99,WV MARKET LLC,FIRSTLOANS INC,2220 N MARKET ST,WILMINGTON,2025-05-23,280000,224000
100,RBJ HOMES LLC,OUT EAST HOLDINGS LLC,1213 VANDEVER AVE,WILMINGTON,2025-05-23,75000,115000
101,UPPER ROOM GROUP LLC,KIAVI FUNDING INC,4 WHITE DR,NEWARK,2025-05-23,250000,306700
102,BRICKHOUSE RENTALS LLC,LINKBANK,18471 BETHPAGE DR,LEWES,2025-05-23,477600,358200
103,NEXCASA PARTNERS LLC,CV3 FINANCIAL SERVICES LLC,528 N MONROE ST,WILMINGTON,2025-05-22,92000,124182
104,JJPI HOMES LLC,ROSS CAPITAL PARTNERS LLC,224 W 29TH ST,WILMINGTON,2025-05-22,132500,178000
105,BW KNOX INVESTMENT PROPERTIES LLC,BOYD PROPERTIES LLC,100 PARK AVE,SEAFORD,2025-05-22,700000,525000
106,PIONEER TEAM LLC,LENDINGONE LLC,719 W 38TH ST,WILMINGTON,2025-05-21,220000,226500
107,KRP PROPERTIES LLC,BPL MORTGAGE LLC,1407 BANNING ST,WILMINGTON,2025-05-21,268500,214800
108,KRP PROPERTIES LLC,BPL MORTGAGE LLC,1405 BANNING ST,WILMINGTON,2025-05-21,268500,214800
109,BROADKILL VENTURES LLC,STONE JESSICA,411 KING ST,LAUREL,2025-05-21,134990,135000
110,J STEVENS CONSTRUCTION INC,KNOTHE MARY,506 CAMBRIDGE DR,NEWARK,2025-05-20,367450,459000
111,SH REAL ESTATE GROUP LLC,SHALLCROSS MORTGAGE COMPANY,43 S CANNON DR,WILMINGTON,2025-05-20,82500,120000
112,AL-LATIF FARMS LLC,HORIZON FARM CREDIT ACA,26975 WIDEN WAY,GEORGETOWN,2025-05-20,3100000,635000
113,AL-LATIF FARMS LLC,HORIZON FARM CREDIT ACA,26961 WIDEN WAY,GEORGETOWN,2025-05-20,3100000,635000
114,HNB INVESTMENT PROPERTIES LLC,DOMINION FIN'L SERVICES LLC,123 10TH ST,DOVER,2025-05-19,80000,180000
115,ASHVIN ABODE LLC,LENDINGONE LLC,6 W BRADYS LN,DOVER,2025-05-19,250000,200000
116,TCB INVESTORS LLC,FEDALE GLENN,202 E 39TH ST,WILMINGTON,2025-05-19,190000,210000
117,SPRINGFIELD LLC,HAILSTONE JAMES,4 FESTIVAL CT,NEWARK,2025-05-16,247000,340000
118,CONAWAY ENTERPRISES EC LLC,SHORE UNITED BANK NA,65 KENNARD DR,NEWARK,2025-05-16,365000,237250
119,MMA RENTALS LLC,SHAKHSHIR SANDRA,330 NEW CASTLE AVE,WILMINGTON,2025-05-16,300000,150000
120,BIG MUSCLES AND REAL ESTATE LLC,ABL RPC RESID CR ACQUISITION L,1305 CLAYTON RD,WILMINGTON,2025-05-16,180000,144000
121,RENDY PROPERTY INVESTMENT ECT LLC,WILGUS FINANCIAL LLC,25656 R AND B VILLA,SEAFORD,2025-05-16,200000,220000
122,YSCM FLOORING LLC,VREKEN THERESA,273 ACORN LN,DOVER,2025-05-15,180000,217000
123,ECUA CORPORATION,SHALLCROSS MORTGAGE COMPANY,225 W 17TH ST,WILMINGTON,2025-05-15,185000,210000
124,YALIN SERVICES LLC,LIMA ONE CAPITAL LLC,1524 CLELAND CRSE,WILMINGTON,2025-05-15,183475,135771
125,SALEM HVAC LLC,SHALLCROSS MORTGAGE COMPANY,33 DALLAS RD,NEW CASTLE,2025-05-15,140000,175000
126,GREEN FLASH II LLC,HOMESOURCE PRO CAPITAL LLC,4672 DUPONT PKWY,TOWNSEND,2025-05-14,250000,230000
127,BRIGHTNOVA INC,COMMERCIAL LENDER LLC,820 VANDEVER AVE,WILMINGTON,2025-05-14,110000,162000
128,ZAHRAREALTY LLC,KIAVI FUNDING INC,902 PHILADELPHIA PIKE,WILMINGTON,2025-05-14,230000,265500
129,BENGOL REAL ESTATE GROUP LLC,SHALLCROSS MORTGAGE COMPANY,48 OSAGE RD,CLAYMONT,2025-05-14,250000,310000
130,JDR GENERAL CONTRACTORS LLC,IDG7 LLC,200 SUNSET LN,MILFORD,2025-05-14,198500,300987
131,PROPERTIES AS-IS LLC,RCN CAPITAL LLC,104 NINA CT,BEAR,2025-05-13,610000,488000
132,UPPER ROOM GROUP LLC,KIAVI FUNDING INC,400 N OGLE AVE,WILMINGTON,2025-05-13,264000,356700
133,EMI INVESTMENTS LLC,LUXURY MORTGAGE CORP,435 WORCHESTER DR,DOVER,2025-05-12,265000,212000
134,ORCHESTRATING MANY MEN PROJECT MANAGER LLC,KIAVI FUNDING INC,78 ANN AVE,DOVER,2025-05-12,128000,209900
135,BRIGHTNOVA INC,COMMERCIAL LENDER LLC,1028 CHESTNUT ST,WILMINGTON,2025-05-12,115000,158500
136,JJPI HOMES LLC,ROSS CAPITAL PARTNERS LLC,808 W 5TH ST,WILMINGTON,2025-05-12,42000,128000
137,PAM MARK PROPERTIES LLC,HAILSTONE JAMES,3005 GREENSHIRE AVE,CLAYMONT,2025-05-12,200000,200000
138,CROMER MANAGEMENT LLC,CALVIN B TAYLOR BKNG CO/BERLI,611 S DUPONT BLVD,MILFORD,2025-05-12,800000,550000
139,BIGG JIMS HOMES LLC,COOLDOG INVESTMENTS LLC,22746 BRIDGEVILLE HWY,SEAFORD,2025-05-12,190000,294000
140,RBJ HOMES LLC,SPG CAPITAL FUND I LLC,307 N VAN BUREN ST,WILMINGTON,2025-05-11,96000,145000
141,EARLY MORNING PROPERTIES LLC,HOMETOWN EQUITY MORTGAGE LLC,40084 GRANT DR UNIT 69,FENWICK ISLAND,2025-05-10,875000,656250
142,UPPER ROOM GROUP LLC,KIAVI FUNDING INC,118 MILANO DR,BEAR,2025-05-09,227000,317000
143,JNM DELAWARE PROPERTIES LLC,RRR GROUP INC,12 BOOKER CIR,HISTORIC NEW CASTLE,2025-05-09,200000,230000
144,PARKSIDE LOFTS LLC,NEXERA HOLDING LLC,3020 W 2ND ST,WILMINGTON,2025-05-09,200000,150000
145,PARKSIDE LOFTS LLC,NEXERA HOLDING LLC,121 N OGLE AVE,WILMINGTON,2025-05-09,335000,251250
146,RODGERS PROPERTIES LLC,PROGRESSUS LLC,39 MEMORIAL DR,NEW CASTLE,2025-05-09,87500,207500
147,BROADKILL VENTURES LLC,NICK BARKINS REALTY LLC,5380 BETTY ST,MILFORD,2025-05-09,135000,135000
148,DM INVEST LLC,BELL ISLAND MORTGAGE INC,14133 PEPPERBOX RD,DELMAR,2025-05-09,80000,490000
149,CROMER MANAGEMENT LLC,CALVIN B TAYLOR BANKING CO/BER,511 N WALNUT ST,MILFORD,2025-05-08,235000,176250
150,R & L PROPERTIES LLC,SHALLCROSS MORTGAGE COMPANY,32 BIRKSHIRE RD,NEW CASTLE,2025-05-08,165000,190000
151,PREMIER REAL ESTATE INVESTMENTS LLC,EASY STREET CAPITAL LLC,315 W VAN BUREN AVE,NEW CASTLE,2025-05-08,215000,170000
152,CROMER MANAGEMENT LLC,CALVIN B TAYLOR BKNG CO/BERLI,35458 MERCURY DR,REHOBOTH BEACH,2025-05-08,500000,375000
153,CROMER MANAGEMENT LLC,CALVIN B TAYLOR BKNG CO/BERLI,701 FISHER AVE,MILFORD,2025-05-08,235000,176250
154,ADJOCY PROP LLC,MCKINLEY C,329 DAVID HALL RD,DOVER,2025-05-06,160000,165000
155,JV INVESTMENT PROPERTIES LLC,LOAN FUNDER LLC,813 N DUPONT ST,WILMINGTON,2025-05-06,260000,273000
156,SALEM HVAC LLC,SHALLCROSS MORTGAGE COMPANY,9 ARBUTUS AVE,HISTORIC NEW CASTLE,2025-05-02,83000,180000
157,302 G PROPERTIES LLC,SHALLCROSS MORTGAGE COMPANY,6 E 44TH ST,WILMINGTON,2025-05-02,207500,235000
158,M VINCENT ASSETS LLC,SPECIALIZED TRUST COMPANY,2 PLOVER CIR,NEWARK,2025-05-02,80000,80000
159,MPI PROPERTIES LLC,SHALLCROSS MORTGAGE COMPANY,442 PIERCE RUN,NEWARK,2025-05-01,125000,300000
160,CAPE FLOORING LLC,COUNTY BANK,28771 LEWES GEORGETOWN HWY,MILTON,2025-05-01,379999,348750
161,DE HOME SOLUTIONS LLC,SHALLCROSS MORTGAGE COMPANY,825 BACON AVE,DOVER,2025-04-30,220000,240000
162,VPR PROPERTY MANAGEMENT LLC,SHALLCROSS MORTGAGE COMPANY,303 N OGLE AVE,WILMINGTON,2025-04-30,210000,280000
163,HNB INVESTMENT PROPERTIES LLC,RFLF 4 LLC,2812 N WASHINGTON ST,WILMINGTON,2025-04-30,120000,169600
164,CAAMANOS PROPERTY LLC,SHALLCROSS MORTGAGE COMPANY,16 W 38TH ST,WILMINGTON,2025-04-30,145000,210000
165,ROCK SOLID INVESTMENTS INC,YERK FARMS INC,17 MCMECHEM CT,NEWARK,2025-04-30,306500,320000
166,HH CONTRIBUTION LLC,RFLF 4 LLC,7 TODD LN,NEWARK,2025-04-30,210000,292000
167,BAYLIS STREET LLC,CHANGE LENDING LLC,10 BAYLIS ST,NEW CASTLE,2025-04-30,265000,212000
168,BEACHFRONT LEWES PROPERTIES LLC,ARTISANS' BANK,,LEWES,2025-04-30,485000,363750
169,HANCOCK PROPERTIES LLC,RRR GROUP INC,121 ADAMS ST,DELAWARE CITY,2025-04-29,50000,139000
170,HA PROPERTIES LLC,CROSSCOUNTRY MORTGAGE LLC,218 W 25TH ST,WILMINGTON,2025-04-29,260000,195000
171,VANIAH REALTY LLC,GUILD MORTGAGE COMPANY LLC,513 N BROOM ST,WILMINGTON,2025-04-28,425000,318750
172,VANIAH REALTY LLC,GUILD MORTGAGE COMPANY LLC,1904 W 6TH ST,WILMINGTON,2025-04-28,403000,302250
173,KJB SOLUTIONS LLC,WELSH LENDING LLC,2319 SMITHS LN,WILMINGTON,2025-04-28,400000,320000
174,GOOSEBEAR PROPERTIES LLC,LIMA ONE CAPITAL LLC,6 5TH AVE,WILMINGTON,2025-04-25,190000,142500
175,GJ PREMIER PROPERTIES LLC,SHALLCROSS MORTGAGE COMPANY,1903 PROSPECT RD,WILMINGTON,2025-04-25,137000,175000
176,DESTROY & REPAIR LLC,SHALLCROSS MORTGAGE COMPANY,17 CEDAR ST,WILMINGTON,2025-04-25,110000,150000
177,FORAKER HOLDINGS LLC,WOLLASTON ROGER,55 SIMONDS DR,NEW CASTLE,2025-04-25,145000,200000
178,FOUR PILLARS GROUP LLC,NATIONAL LOAN FUNDING LLC,106 LEA RD,NEW CASTLE,2025-04-25,175000,208250
179,UPPER ROOM GROUP LLC,KIAVI FUNDING INC,13 IRIS LN,NEWARK,2025-04-25,195000,237700
180,MID TOWN TREATS LLC,ARTISANS' BANK,24773 GRAVEL HILL RD,MILLSBORO,2025-04-25,260000,220000
181,REFUGE OF HOPE CORPORATION,COUNTY BANK,12646 SHAWNEE RD,GREENWOOD,2025-04-25,425000,300000
182,PREMIERE HOME RENTALS LLC,AMWEST FUNDING CORP,327 E 13TH ST,WILMINGTON,2025-04-24,123000,98400
183,UPPER ROOM GROUP LLC,KIAVI FUNDING INC,108 CANTERBURY DR,WILMINGTON,2025-04-24,350000,495400
184,VICTORY BAPTIST CHURCH INC,LOVIN ROGER,7304 CANNON RD,BRIDGEVILLE,2025-04-24,0,66900
185,STARBOARD LAND CO LLC,COUNTY BANK,105 NEW ORLEANS ST,DEWEY BEACH,2025-04-24,1000000,1000000
186,J W L REALTY INC,HOME TREATMENTS LLC,234 DUNCAN AVE,WILMINGTON,2025-04-23,185000,231250
187,JANIPUR LLC,MMK REALTY LLC,33664 BAYVIEW MEDICAL DR,LEWES,2025-04-23,1550000,1000000
188,AL HOMEBUYERS LLC,ROSS CAPITAL PARTNERS LLC,903 KIRKWOOD ST,WILMINGTON,2025-04-22,100000,125000
189,PM CARPET INSTALLATION LLC,SHALLCROSS MORTGAGE COMPANY,203 EAST AVE,NEW CASTLE,2025-04-21,165000,225000
190,DYNAMIC PROPERTY SOLUTIONS LIMITED LIABILITY,PARIKH ANUSH,411 PHEASANT CIR,BEAR,2025-04-18,250000,300000
191,OMDA PROPERTIES LLC,AMWEST FUNDING CORP,1217 VANDEVER AVE,WILMINGTON,2025-04-18,94000,75000
192,805 N SCOTT ST ASSOCIATES LLC,SHALLCROSS MORTGAGE COMPANY,805 N SCOTT ST,WILMINGTON,2025-04-17,205000,240000
193,HERRITAGE INVESTMENT PROPERTIES LLC,AZ ACQ LLC,10806 CEDAR CREEK RD,LINCOLN,2025-04-17,128250,235000
194,PM CARPET INSTALLATION LLC,ROSS CAPITAL PARTNERS LLC,1227 W 4TH ST,WILMINGTON,2025-04-16,130000,160000
195,SANCOR REAL ESTATE LLC,BRRRR FUNDER LLC,2325 DIAMOND ST,WILMINGTON,2025-04-16,468000,280800
196,TRIANGLE MONTGOMERY ASSOCIATES LLC,PEOPLES BANK,6 NEW CASTLE ST,REHOBOTH BEACH,2025-04-16,3600000,1600000
197,H & H FAMILY LLC,BTHS INVESTMENT LLC,2604 N MADISON ST,WILMINGTON,2025-04-15,120500,100000
198,LAZYMERCHANT LLC,HOMEXPRESS MORTGAGE CORP,2517 N WEST ST,WILMINGTON,2025-04-15,146250,102375
199,LAZYMERCHANT LLC,HOMEXPRESS MORTGAGE CORP,2107 JESSUP ST,WILMINGTON,2025-04-15,150100,105070
200,LAZYMERCHANT LLC,HOMEXPRESS MORTGAGE CORP,210 W 25TH ST,WILMINGTON,2025-04-15,146250,102375
201,PARK PLACE ENTERPRISES LLC,RFLF 4 LLC,43 NOTRE DAME AVE,NEW CASTLE,2025-04-15,215000,243500
202,DELAWARE FINE HOMES LLC,RRR GROUP INC,22041 NEAL RD,LINCOLN,2025-04-15,180000,220000
203,COMMERCE VENTURE GROUP LLC,STONE BAY HOLDINGS LLC,1065 OLD FORGE RD,NEW CASTLE,2025-04-14,155000,221500
204,SELECTIVE REAL ESTATE SOLUTIONS LLC,LARRYS LATE NIGHT LENDING LLC,136 SPRINGFIELD CIR,MIDDLETOWN,2025-04-11,76200,220000
205,JNJ HOLDINGS LLC,SHALLCROSS MORTGAGE COMPANY,201 CLAYTON AVE,WILMINGTON,2025-04-11,152000,270000
206,H & H FAMILY LLC,BTHS INVESTMENT LLC,205 E 25TH ST,WILMINGTON,2025-04-11,115000,100000
207,ASPIRE DELAWARE REALTY LLC,UNITED WHOLESALE MORTGAGE LLC,403 NAUGHTY LN,MIDDLETOWN,2025-04-11,265000,185500
208,SPRE LLC,LARRYS LATE NIGHT LENDING LLC,308 SMYRNA AVE,WILMINGTON,2025-04-11,130000,233000
209,BROADKILL VENTURES LLC,EQUITY TRUST CO,1102 WYTHE LN,SEAFORD,2025-04-11,170000,165000
210,IRON MAIDEN NYC LLC,RESID CAP PTRS SECURED LN FUND,857 BARCELONA ST,TOWNSEND,2025-04-08,322670,349736
211,JIHAN & FAMILY LLC,ICE LENDER HOLDINGS LLC,27 S PENNEWELL DR,WILMINGTON,2025-04-07,480000,382000
212,JIHAN & FAMILY LLC,ICE LENDER HOLDINGS LLC,26 N PENNEWELL DR,WILMINGTON,2025-04-07,480000,382000
213,JIHAN & FAMILY LLC,ICE LENDER HOLDINGS LLC,59 N PENNEWELL DR,WILMINGTON,2025-04-07,480000,382000
214,JIHAN & FAMILY LLC,ICE LENDER HOLDINGS LLC,33 N RODNEY DR,WILMINGTON,2025-04-07,480000,382000
215,DKW RENTALS LLC,SHORE UNITED BANK NA,323 SE 2ND ST,MILFORD,2025-04-07,285000,256500
216,KIRKLEY CONSTRUCTION LLC,B A REALTOR SERVICES INC,908 N DUPONT ST,WILMINGTON,2025-04-04,40000,135000
217,PARK PLACE ENTERPRISES LLC,SPG CAPITAL FUND I LLC,1401 PENNSYLVANIA AVE APT 611,WILMINGTON,2025-04-04,117500,142500
218,MONACO REAL ESTATE LLC,KIAVI FUNDING INC,805 W 8TH ST,WILMINGTON,2025-04-04,150000,205500
219,TCB INVESTORS LLC,FEDALE GLENN,26 W 37TH ST,WILMINGTON,2025-04-04,150000,170000
220,SALEM HVAC LLC,SHALLCROSS MORTGAGE COMPANY,2104 N JEFFERSON ST,WILMINGTON,2025-04-04,130000,200000
221,MIJ VENTURES LLC,LENDZ FINANCIAL,2101 N CHURCH ST,WILMINGTON,2025-04-04,140000,112000
222,19808 RENOVATIONS LLC,J HUNTER LLC,425 PORTER ST,WILMINGTON,2025-04-04,50000,100000
223,PG & SONS PROPERTIES LLC,SHALLCROSS MORTGAGE COMPANY,902 LINDEN ST,WILMINGTON,2025-04-04,100000,180000
224,WRI206BAYSHORE LLC,THOMAS DIANE,206 S BAY SHORE DR,MILTON,2025-04-04,500000,450000
225,MORET INVESTMENTS LLC,ROSS CAPITAL PARTNERS LLC,26 E 24TH ST,WILMINGTON,2025-04-03,94500,188000
226,SANCOR REAL ESTATE LLC,BRRRR FUNDER LLC,501 WILDEL AVE,NEW CASTLE,2025-04-01,135000,185900
227,SANCOR REAL ESTATE LLC,BRRRR FUNDER LLC,12 DELMAR ST,NEW CASTLE,2025-04-01,145000,188500
228,MONACO REAL ESTATE LLC,BRRRR FUNDER LLC,956 E 17TH ST,WILMINGTON,2025-03-31,127000,141600
229,NLR DE PROPERTIES LLC,LUMINATE BANK,1413 N HARRISON ST,WILMINGTON,2025-03-31,460000,368000
230,MONACO REAL ESTATE LLC,BRRRR FUNDER LLC,832 VANDEVER AVE,WILMINGTON,2025-03-31,82000,110075
231,MONACO REAL ESTATE LLC,BRRRR FUNDER LLC,218 N CLAYTON ST,WILMINGTON,2025-03-31,114000,136525
232,PENNYS PROPERTIES LLC,DOUBLE BACKFLIP LLC,508 W 39TH ST,WILMINGTON,2025-03-31,220000,203000
233,HANCOCK PROPERTIES LLC,RRR GROUP INC,221 N FRANKLIN ST,WILMINGTON,2025-03-31,110000,110000
234,MONACO REAL ESTATE LLC,BRRRR FUNDER LLC,400 N FRANKLIN ST,WILMINGTON,2025-03-31,115000,134175
235,PIONEER TEAM LLC,LENDINGONE LLC,110 W 29TH ST,WILMINGTON,2025-03-28,170000,175500
236,LTH INVESTMENTS LLC,BLUE WATER INVESTMENTS LLC,912 MCCABE AVE,WILMINGTON,2025-03-28,300000,220000
237,YIREH PROPERTIES LLC,HALLSTONE JAMES,703 N WASHINGTON ST,WILMINGTON,2025-03-28,260000,310000
238,YIREH PROPERTIES LLC,HALLSTONE JAMES,703 N WASHINGTON ST # 1,WILMINGTON,2025-03-28,260000,310000
239,YIREH PROPERTIES LLC,HALLSTONE JAMES,703 N WASHINGTON ST # 2,WILMINGTON,2025-03-28,260000,310000
240,YIREH PROPERTIES LLC,HALLSTONE JAMES,703 N WASHINGTON ST # 3,WILMINGTON,2025-03-28,260000,310000
241,JALSA HOLDINGS LLC,FULTON BANK NA,222 CARTER DR # 1,MIDDLETOWN,2025-03-28,699900,524925
242,JALSA HOLDINGS LLC,FULTON BANK NA,222 CARTER DR # 2,MIDDLETOWN,2025-03-28,699900,524925
243,MENDOZA INVESTMENTS LLC,EASY STREET CAPITAL LLC,7 CRESTWOOD PL,WILMINGTON,2025-03-28,230000,224000
244,SALTED OAK LLC,A1 MORTGAGE GROUP LLC,54 KENT ST,REHOBOTH BEACH,2025-03-28,1680000,840000
245,NEXT LEVEL PROPERTIES LLC,LOANSTEADY LLC,3400 SANIBEL CIR UNIT 3408,REHOBOTH BEACH,2025-03-28,430000,322500
246,CARUSO HOMES ON YOUR LOT DE 1 LLC,FLAGSTAR BANK FSB,9802 CAMP RD,LAUREL,2025-03-28,450000,30000000
247,CARUSO HOMES ON YOUR LOT DE 1 LLC,FLAGSTAR BANK FSB,9802 CAMP RD,LAUREL,2025-03-28,450000,30000000
248,CARUSO HOMES ON YOUR LOT DE 1 LLC,FLAGSTAR BANK FSB,9802 CAMP RD,LAUREL,2025-03-28,450000,30000000
249,RBJ HOMES LLC,GOLDBERG BENJAMIN,1211 W 2ND ST,WILMINGTON,2025-03-27,71500,120000
250,FORNIAS REAL ESTATE LLC,BRRRR FUNDER LLC,1336 N CLAYMONT ST,WILMINGTON,2025-03-27,97000,100300
251,JF PROPERTIES LLC,GF LEASING AND RENTAL LLC,212 KENMARK RD,NEWARK,2025-03-27,250000,125000
252,105 BEACH PLUM LLC,UNITED EQUITY NETWORK LLC,105 BEACH PLUM PL,LEWES,2025-03-27,520000,465000
253,82 AUGUSTA LLC,AAR LENDING LLC,23 KNICKERBOCKER DR,NEWARK,2025-03-26,226000,275000
254,PIZARRO FLOORING LLC,ROSS CAPITAL PARTNERS LLC,210 N VAN BUREN ST,WILMINGTON,2025-03-26,60000,141000
255,GOLDENROD GEORGETOWN PROPERTIES LLC,NEXA MTG LLC,6 GOLDENROD DR,GEORGETOWN,2025-03-26,385000,308000
256,UMBRELLAS AND COCONUTS LLC,CHANGE LENDING LLC,21169 BALD EAGLE RD,REHOBOTH BEACH,2025-03-26,799000,639200
257,CAPSTONE HOMES LLC,COUNTY BANK,26040 HAYFIELD LN,MILLSBORO,2025-03-25,77000,282750
258,CAPSTONE HOMES LLC,COUNTY BANK,26036 HAYFIELD LN,MILLSBORO,2025-03-25,77000,226500
259,UPPER ROOM GROUP LLC,KIAVI FUNDING INC,104 BUCK LN,NEW CASTLE,2025-03-24,171000,233700
260,RNB INVESTMENTS LLC,VONTIVE INC,28975 ALEINE AVE,HARBESON,2025-03-24,225000,251250
261,SANTINO EMILIANO LLC,COUNTY BANK,210 N FRONT ST,SEAFORD,2025-03-24,550000,412500
262,BIGG JIMS HOMES LLC,DOMINION FIN'L SERVICES LLC,530 N WILLEY ST,SEAFORD,2025-03-24,215000,257500
263,BLU BIRD HOLDINGS INC,LARRYS LATE NIGHT LENDING LLC,403 N RODNEY ST,WILMINGTON,2025-03-22,75000,175000
264,CONAWAY ENTERPRISES RRD LLC,SHORE UNITED BANK NA,205 HAINES ST,NEWARK,2025-03-21,525000,354000
265,ST HOMES LLC,HOME TREATMENTS LLC,2309 ALISTER DR,WILMINGTON,2025-03-21,200000,206125
266,PREMIER ONE PROPERTIES LLC,HOME TREATMENTS LLC,5 GLEN AVE,NEW CASTLE,2025-03-21,230000,230000
267,WINSTON BAILEY & ASSOCIATES LLC,UBS BANK USA,105 NEW RD,LEWES,2025-03-21,1070000,720000
268,AL HOMEBUYERS LLC,SHALLCROSS MORTGAGE COMPANY,1845 SAINT AUGUSTINE RD,MIDDLETOWN,2025-03-20,200000,225000
269,RBJ HOMES LLC,STONE BAY MANAGEMENT LLC,2105 N PINE ST,WILMINGTON,2025-03-20,117500,166000
270,SELECTIVE REAL ESTATE SOLUTIONS LLC,LARRYS LATE NIGHT LENDING LLC,208 CAPITOL TRL,NEWARK,2025-03-20,120000,275000
271,RBJ HOMES LLC,STONE BAY MANAGEMENT LLC,424 S CLAYMONT ST,WILMINGTON,2025-03-20,85000,121000
272,RBJ HOMES LLC,STONE BAY MANAGEMENT LLC 401K,1108 N HEALD ST,WILMINGTON,2025-03-20,82000,137000
273,PG & SONS PROPERTIES LLC,ROSS CAPITAL PARTNERS LLC,203 EAST AVE,NEW CASTLE,2025-03-20,80000,200000
274,JIK CONSTRUCTION INC,ROSS CAPITAL PARTNERS LLC,2 GINA DR,MIDDLETOWN,2025-03-19,265000,280000
275,BIGG JIMS HOMES LLC,RFLF 4 LLC,146 BOBBYS BRANCH RD,MILLSBORO,2025-03-19,205000,243750
276,BIGG JIMS HOMES LLC,DOMINION FIN'L SERVICES LLC,8675 GREENWOOD RD,GREENWOOD,2025-03-17,99900,171500
277,BIGG JIMS HOMES LLC,DOMINION FIN'L SERVICES LLC,30682 OMAR RD,FRANKFORD,2025-03-17,110000,196000
278,PINNACLE HOMES LLC,STONE BAY HOLDINGS LLC,2603 N TATNALL ST,WILMINGTON,2025-03-14,130000,137000
279,SALEM HVAC LLC,SHALLCROSS MORTGAGE COMPANY,830 W 5TH ST,WILMINGTON,2025-03-14,71000,135000
280,GOMEZ INVESTMENT PROPERTIES LLC,BRUCE D BALICK REVOCABLE TRUST,1916 W 6TH ST,WILMINGTON,2025-03-14,80000,80000
281,PG & SONS PROPERTIES LLC,SHALLCROSS MORTGAGE COMPANY,111 N CLAYTON ST,WILMINGTON,2025-03-14,85000,120000
282,COASTAL HOLDINGS LLC,WHALEY RICHARD,24322 BOBLIN CT,MILLSBORO,2025-03-14,400000,280000
283,LUX BUILDERS LLC,RFLF 7 LLC,29592 ASHLAND DR,MILTON,2025-03-14,520000,494000
284,DELMARTINEZ LLC,BELL ISLAND MORTGAGE INC,32901 MOUNT PLEASANT RD,LAUREL,2025-03-14,200000,200000
285,NAVY REAL ESTATE LLC,RFLF 4 LLC,49 N AVON DR,CLAYMONT,2025-03-13,222500,285000
286,PARK PLACE ENTERPRISES LLC,SPG CAPITAL FUND I LLC,10169 LOCUST ST,LAUREL,2025-03-13,125000,160000
287,SEVEN COUNTIES LLC,MORGAN STANLEY PVT BANK NA,106 KINGSBRIDGE RD,REHOBOTH BEACH,2025-03-13,919000,689250
288,MPI PROPERTIES LLC,SHALLCROSS MORTGAGE COMPANY,307 W 32ND ST,WILMINGTON,2025-03-12,165000,225000
289,PG & SONS PROPERTIES LLC,SHALLCROSS MORTGAGE COMPANY,2700 N TATNALL ST,WILMINGTON,2025-03-11,135000,190000
290,PG & SONS PROPERTIES LLC,ROSS CAPITAL PARTNERS LLC,721 VANDEVER AVE,WILMINGTON,2025-03-11,135000,140000
291,RNB INVESTMENTS LLC,VONTIVE INC,8381 NYLON AVE,SEAFORD,2025-03-10,305000,259000
292,RNB INVESTMENTS LLC,VONTIVE INC,737 MAGNOLIA DR,SEAFORD,2025-03-10,145000,198750
293,HERITAGE INVESTMENT GROUP LLC,BPL MORTGAGE LLC,71 VILLAGE DR,DOVER,2025-03-08,107500,86000
294,EB REALTY LLC,MCKINLEY C,299 DANIEL RODNEY RD,DOVER,2025-03-07,210000,210000
295,JNJ HOLDINGS LLC,SHALLCROSS MORTGAGE COMPANY,214 NW 2ND ST,MILFORD,2025-03-07,110000,230000
296,NAVY REAL ESTATE LLC,RFLF 7 LLC,111 VILONE RD,WILMINGTON,2025-03-07,210000,228700
297,GJ PREMIER PROPERTIES LLC,SHALLCROSS MORTGAGE COMPANY,1313 CLIFFORD BROWN WALK,WILMINGTON,2025-03-07,60000,105000
298,SUBLIME ASSOCIATES LLC,EASY STREET CAPITAL LLC,1320 W 3RD ST,WILMINGTON,2025-03-07,200000,160000
299,BRIGHTNOVA INC,COMMERCIAL LENDER LLC,813 N SPRUCE ST,WILMINGTON,2025-03-07,120000,149000
300,PIZARRO FLOORING LLC,SHALLCROSS MORTGAGE COMPANY,729 W 4TH ST,WILMINGTON,2025-03-06,120000,175000
301,PG & SONS PROPERTIES LLC,ROSS CAPITAL PARTNERS LLC,1217 NEWPORT GAP PIKE,WILMINGTON,2025-03-06,160000,170000
302,AMATO MANAGEMENT LLC,BANK OF OCEAN CITY,68 ATLANTIC AVE,OCEAN VIEW,2025-03-06,500000,400000
303,VANIAH REALTY LLC,LUXURY MORTGAGE CORP,1230 LINDEN ST,WILMINGTON,2025-03-05,240000,180000
304,PREMIER ONE PROPERTIES LLC,HOME TREATMENTS LLC,53 MARTA DR,WILMINGTON,2025-03-05,190000,190000
305,TCB INVESTORS LLC,FEDALE GLENN,202 JAMES PL,NEW CASTLE,2025-03-04,255000,280000
306,UPPER ROOM GROUP LLC,KIAVI FUNDING INC,1050 OLD FORGE RD,NEW CASTLE,2025-03-03,140000,185100
307,ZAHRA REALTY LLC,KIAVI FUNDING INC,144 OAK DR,SMYRNA,2025-02-28,160000,166900
308,ICHTHUS RENOVATIO LLC,SHALLCROSS MORTGAGE COMPANY,126 PRESIDENT DR,DOVER,2025-02-28,88000,164000
309,UPPER ROOM GROUP LLC,SHUPE STEVEN,2714 N MADISON ST,WILMINGTON,2025-02-28,140000,150000
310,LPF 2017 LLC,ICE LENDER HOLDINGS LLC,20 W 30TH ST,WILMINGTON,2025-02-28,125000,151650
311,PIONEER HEIGHTS LLC,MEADOWBROOK FIN'L MTG BANKERS,122 N SCOTT ST,WILMINGTON,2025-02-28,160000,128000
312,T F G FLOORING INSTALLATION LLC,ROSS CAPITAL PARTNERS LLC,2209 N LOCUST ST,WILMINGTON,2025-02-28,83000,131000
313,SPRE LLC,LARRYS LATE NIGHT LENDING LLC,24 E 24TH ST,WILMINGTON,2025-02-28,90000,150000
314,PG & SONS PROPERTIES LLC,SHALLCROSS MORTGAGE COMPANY,904 LINDEN ST,WILMINGTON,2025-02-28,70000,145000
315,HH CONTRIBUTION LLC,RFLF 4 LLC,34 KAREN CT,NEW CASTLE,2025-02-28,197000,243300
316,17326 COASTAL HIGHWAY LLC,DWYER DAVID,17326 COASTAL HWY,LEWES,2025-02-28,1122000,897600
317,ABLE PROPERTIES LLC,DIAMOND CREDIT UNION,11 CORNWALL RD,REHOBOTH BEACH,2025-02-28,640000,480000
318,APPLE CT LLC,COUNTY BANK,38798 APPLE CT,OCEAN VIEW,2025-02-26,1500000,540000
319,HELM ST VENTURES INC,COUNTY BANK,30934 HICKORY LN,DAGSBORO,2025-02-25,250000,236250
320,PHR3E & ASSOCIATES LLC,SECURED INV HIGH YIELD FUND II,16 HERITAGE DR,DOVER,2025-02-24,100000,164000
321,PG & SONS PROPERTIES LLC,ROSS CAPITAL PARTNERS LLC,3211 N JEFFERSON ST,WILMINGTON,2025-02-24,150000,203000
322,UPPER ROOM GROUP LLC,KIAVI FUNDING INC,1616 W 10TH ST,WILMINGTON,2025-02-24,165000,205900
323,GJ PREMIER PROPERTIES LLC,SHALLCROSS MORTGAGE COMPANY,412 S VAN BUREN ST,WILMINGTON,2025-02-24,100000,119000
324,HIGH FIVE INVESTMENTS LLC,GABJILL ENTERPRISES LLC,1 CROMWELL CT,NEWARK,2025-02-24,255000,275000
325,INTEGRITY PROPERTY SOLUTION LLC,SPG CAPITAL FUND I LLC,239 LOCUST AVE,WILMINGTON,2025-02-21,107000,179000
326,APPLETON ENTERPRISES LLC,UNITED WHOLESALE MORTGAGE LLC,2508 CLEVELAND AVE,CLAYMONT,2025-02-21,325000,243750
327,HNB INVESTMENT PROPERTIES LLC,DOMINION FIN'L SERVICES LLC,943 E 17TH ST,WILMINGTON,2025-02-21,52500,97500
328,BENGOL REAL ESTATES GROUP LLC,SHALLCROSS MORTGAGE COMPANY,23 HICKMAN RD,CLAYMONT,2025-02-21,200000,160000
329,BENGOL REAL ESTATES GROUP LLC,SHALLCROSS MORTGAGE COMPANY,13 OAKMONT DR,NEW CASTLE,2025-02-21,200000,175000
330,JNM DELAWARE PROPERTIES LLC,RRR GROUP INC,28 DENNY CIR,NEWARK,2025-02-21,110000,160000
331,LIBERTY ONE HOMES LLC,HARD MONEY NJ LLC,3217 OPAL CT,WILMINGTON,2025-02-20,150000,180000
332,TCB INVESTORS LLC,FEDALE GLENN,1806 LOWLAND WAY,NEWARK,2025-02-20,180000,185000
333,A HOME2BE LLC,BA REALTOR SERVICES INC,5407 JENMATT DR,WILMINGTON,2025-02-20,200000,180000
334,LUX BUILDERS LLC,RFLF 4 LLC,37 ANGLIN DR,NEWARK,2025-02-14,265000,327500
335,BRIGHTNOVA INC,COMMERCIAL LENDER LLC,20 E 24TH ST,WILMINGTON,2025-02-14,104000,163492
336,RNB INVESTMENTS LLC,VONTIVE INC,14880 CONCORD RD,SEAFORD,2025-02-14,300000,352980
337,BELLA BETHANY LLC,FIRST-CITIZENS BANK & TRUST CO,99 1ST ST,BETHANY BEACH,2025-02-14,4900000,3920000
338,BIGG JIMS HOMES LLC,DOMINION FIN'L SERVICES LLC,13311 BEAVER DAM RD,ELLENDALE,2025-02-14,240000,297500
339,TCJ INVESTMENT PROPERTIES LLC,CAMA SDIRA LLC,2612 MCKINLEY AVE,CLAYMONT,2025-02-13,205000,288000
340,BEN BROWN DEVELOPMENT INC,AMPED-UP INC,1204 ELM ST,WILMINGTON,2025-02-13,110000,171500
341,82 AUGUSTA LLC,AAR LENDING LLC,1049 BEAR RD,NEW CASTLE,2025-02-13,204500,285000
342,SHELTIC INVESTMENTS LLC,WILGUS FINANCIAL LLC,200 S MAIN ST,BRIDGEVILLE,2025-02-13,208000,200000
343,ROYAL TWINS REALTY LLC,LUMINATE HOME LOANS INC,101 N CAROLINE PL # 4,DOVER,2025-02-12,132000,105600
344,UPPER ROOM GROUP LLC,HOME TREATMENTS LLC,317 W SUMMIT AVE,WILMINGTON,2025-02-12,200000,195000
345,DYNAMIC PROPERTY SOLUTIONS LIMITED LIABILITY,J HUNTER LLC,407 DENVER RD,WILMINGTON,2025-02-12,145000,185000
346,V & V MGMT LLC,ADVANCIAL FEDERAL CREDIT UNION,705 MAPLE PKWY,DOVER,2025-02-11,490000,343000
347,SELECTIVE REAL ESTATE SOLUTIONS LLC,LARRYS LATE NIGHT LENDING LLC,4332 S STATE ST,CAMDEN WYOMING,2025-02-11,170000,271000
348,CFK HOMES LLC,FIRST COLONY MORTGAGE CORP,309 THAYER CT,NEWARK,2025-02-11,220000,176000
349,RBJ HOMES LLC,STONE BAY HOLDINGS LLC,2314 JESSUP ST,WILMINGTON,2025-02-11,90000,127000
350,HH CONTRIBUTION LLC,RFLF 4 LLC,1909 ARLENE DR,WILMINGTON,2025-02-11,251200,311250
351,HH CONTRIBUTION LLC,RFLF 4 LLC,11 MALVINA LN,NEWARK,2025-02-11,251200,270000
352,GREENWOOD ASSOCIATES II LLC,TEXAS EXCHANGE BANK SSB,12570 SUSSEX HWY,GREENWOOD,2025-02-11,23400,4945455
353,SALEM HVAC LLC,SHALLCROSS MORTGAGE COMPANY,104 FULTON ST,WILMINGTON,2025-02-10,50000,135000
354,NAJERA PROPERTIES LLC,ROMI CAPITAL LLC,1200 READ ST,WILMINGTON,2025-02-10,75000,100000
355,SALEM HVAC LLC,SHALLCROSS MORTGAGE COMPANY,170 CHANNING DR,BEAR,2025-02-10,232367,260000
356,CIDER HILL DEVELOPMENT COMPANY LLC,CREEKSIDE PLAZA LLC,31274 LEE MEADOW DR,BETHANY BEACH,2025-02-10,650000,650000
357,BOSWELL CONSULTING LLC,COMMERCIAL LENDER LLC,305 E 22ND ST,WILMINGTON,2025-02-07,133000,111200
358,STONY HOMES LLC,SEQUEL INVESTMENTS INC,307 E 22ND ST,WILMINGTON,2025-02-07,69000,122000
359,HH CONTRIBUTION LLC,RFLF 7 LLC,102 MAY AVE,NEW CASTLE,2025-02-07,170000,213750
360,EDIL LLC,JMAC LENDING INC,3816 HUTCHISON RD,WILMINGTON,2025-02-07,265500,212400
361,MAGANGA SOLUTION GROUP INC,WORLDWIDE INVESTORS SOLUTIONS,636 FIREWOOD LN,NEW CASTLE,2025-02-07,155000,295000
362,BIGG JIMS HOMES LLC,DOMINION FIN'L SERVICES LLC,20 COLGATE DR,REHOBOTH BEACH,2025-02-07,231000,350000
363,NAS HOMES LLC,NEIGHBORGOOD PARTNERS INC,2504 N JEFFERSON ST,WILMINGTON,2025-02-06,115000,180000
364,TRI-SOUTH LLC,SHALLCROSS MORTGAGE COMPANY,1120 WOODSEDGE RD,DOVER,2025-02-05,250000,300000
365,JIHAN & FAMILY LLC,SHALLCROSS MORTGAGE COMPANY,609 SHUE DR,NEWARK,2025-02-04,143194,240000
366,PALM RENTALS LLC,HARFORD BANK,119 BUNGALOW AVE,WILMINGTON,2025-02-03,97850,2500000
367,ML REAL ESTATE HOLDINGS LLC,BANK OF AMERICA NA,22935 JOHN J WILLIAMS HWY,MILLSBORO,2025-02-03,540000,459000
368,ICHTHUS RENOVATIO LLC,SHALLCROSS MORTGAGE COMPANY,31 S NEW ST,DOVER,2025-01-31,80000,140000
369,WILMINGTON HOME PORTFOLIO LLC,PROGRESSUS LLC,733 W 4TH ST,WILMINGTON,2025-01-31,589000,750000
370,ELWOOD HOLDINGS LLC,LOAN FUNDER LLC,1017 S BROOM ST,WILMINGTON,2025-01-31,160000,120000
371,UPPER ROOM GROUP LLC,HOME TREATMENTS LLC,1316 W 5TH ST,WILMINGTON,2025-01-31,145000,141000
372,WILMINGTON HOME PORTFOLIO LLC,PROGRESSUS LLC,2203 CARTER ST,WILMINGTON,2025-01-31,589000,750000
373,JJPI HOMES LLC,ROSS CAPITAL PARTNERS LLC,1718 W 2ND ST,WILMINGTON,2025-01-31,73418,138000
374,WILMINGTON HOME PORTFOLIO LLC,PROGRESSUS LLC,1019 N PINE ST,WILMINGTON,2025-01-31,589000,750000
375,BRIGHTNOVA INC,COMMERCIAL LENDER LLC,918 N PINE ST,WILMINGTON,2025-01-31,113000,151700
376,WILMINGTON HOME PORTFOLIO LLC,PROGRESSUS LLC,611 E 8TH ST,WILMINGTON,2025-01-31,589000,750000
377,1999 PULASKI PROPERTY LLC,SHALLCROSS MORTGAGE COMPANY,2009 N JEFFERSON ST,WILMINGTON,2025-01-31,177000,220000
378,WILMINGTON HOME PORTFOLIO LLC,PROGRESSUS LLC,1127 READ ST,WILMINGTON,2025-01-31,589000,750000
379,WHITE CLAY LP,ARTISANS' BANK,1118 LITTLE BALTIMORE RD,NEWARK,2025-01-31,1400000,568000
380,IMMANUEL JAMES LLC,TRIUS LNDG PARTNERS REIT 1 LLC,6 RUSSELL RD,NEW CASTLE,2025-01-31,180000,218400
381,VILLATOROS PROPERTIES LLC,HILLSIDE ASSOCIATES LLC,5867 N DUPONT HWY,DOVER,2025-01-31,405000,200000
382,PROPERTIES 81 LLC,ANCHOR LOANS LP,2319 JESSUP ST,WILMINGTON,2025-01-30,92000,115676
383,AR EXCAVATING LLC,SHALLCROSS MORTGAGE COMPANY,231 CHANCE RD,CLAYTON,2025-01-29,283200,175000
384,N KIRKWOOD LLC,SHALLCROSS MORTGAGE COMPANY,207 N MEMORIAL DR,DELMAR,2025-01-29,100000,160000
385,ZARAGOZA REAL ESTATE HOLDINGS LLC,NQM FUNDING LLC,719 E DIVISION ST,DOVER,2025-01-28,236000,200000
386,ZEN SHINE WELLNESS LLC,EXPRESS CAPITAL FINANCING,1110 LANCASTER AVE,WILMINGTON,2025-01-28,130000,104000
387,JWL REALTY INC,HOME TREATMENTS LLC,8 REVERE PL,NEWARK,2025-01-27,165000,150000
388,CABAZZA REALTY GROUP LLC,SHALLCROSS MORTGAGE COMPANY,137 N GOVERNORS BLVD,DOVER,2025-01-24,95000,170000
389,PDL INVESTMENTS LLC,MERIDIAN BANK,904 W 21ST ST,WILMINGTON,2025-01-24,355000,900000
390,808 N LINCOLN ST ASSOCIATES LLC,SHALLCROSS MORTGAGE COMPANY,808 N LINCOLN ST,WILMINGTON,2025-01-24,262500,300000
391,WITSIL MULBERRY ASSOCIATES LLC,COUNTY BANK,19429 JOHN J WILLIAMS HWY,LEWES,2025-01-24,2750000,3650000
392,BAILEY INVESTMENT GROUP B LLC,SHALLCROSS MORTGAGE COMPANY,307 COBBLE CREEK CURV,NEWARK,2025-01-23,75000,160000
393,WILMINGTON HOME PORTFOLIO LLC,PROGRESSUS LLC,2100 N PINE ST,WILMINGTON,2025-01-23,700000,750000
394,WILMINGTON HOME PORTFOLIO LLC,PROGRESSUS LLC,624 W 5TH ST,WILMINGTON,2025-01-23,700000,750000
395,WILMINGTON HOME PORTFOLIO LLC,PROGRESSUS LLC,112 E 23RD ST,WILMINGTON,2025-01-23,700000,750000
396,WILMINGTON HOME PORTFOLIO LLC,PROGRESSUS LLC,521 S HARRISON ST,WILMINGTON,2025-01-23,700000,750000
397,WILMINGTON HOME PORTFOLIO LLC,PROGRESSUS LLC,5 E 24TH ST,WILMINGTON,2025-01-23,700000,750000
398,WILMINGTON HOME PORTFOLIO LLC,PROGRESSUS LLC,6 E 24TH ST,WILMINGTON,2025-01-23,700000,750000
399,WILMINGTON HOME PORTFOLIO LLC,PROGRESSUS LLC,925 VANDEVER AVE,WILMINGTON,2025-01-23,700000,750000
400,WILMINGTON HOME PORTFOLIO LLC,PROGRESSUS LLC,1113 CONRAD ST,WILMINGTON,2025-01-23,700000,750000
401,WILMINGTON HOME PORTFOLIO LLC,PROGRESSUS LLC,1112 CONRAD ST,WILMINGTON,2025-01-23,700000,750000
402,WILMINGTON HOME PORTFOLIO LLC,PROGRESSUS LLC,312 S VAN BUREN ST,WILMINGTON,2025-01-23,700000,750000
403,WILMINGTON HOME PORTFOLIO LLC,PROGRESSUS LLC,1211 B ST,WILMINGTON,2025-01-23,700000,750000
404,BENGOL REAL ESTATES GROUP LLC,SHALLCROSS MORTGAGE COMPANY,113 GLENROCK DR,CLAYMONT,2025-01-23,287500,300000
405,HAQUE N & S CORPORATION,UNITED WHOLESALE MORTGAGE LLC,5552 DORAL DR,WILMINGTON,2025-01-23,355000,284000
406,DAVIS PROPERTY INVESTMENT LLC,LARRYS LATE NIGHT LENDING LLC,249 BENJAMIN ST,HARRINGTON,2025-01-22,80000,190000
407,ECUA CORPORATION,SHALLCROSS MORTGAGE COMPANY,2 GINA DR,MIDDLETOWN,2025-01-22,175000,240000
408,SEAL ENTERPRISE LLC,STONE BAY HOLDINGS LLC,1404 W 2ND ST,WILMINGTON,2025-01-22,130000,198000
409,HARMONY DESIGN LLC,REHAB FINANCIAL GROUP LP,1005 N LOMBARD ST,WILMINGTON,2025-01-21,93000,175000
410,BENGOL REAL ESTATES GROUP LLC,SHALLCROSS MORTGAGE COMPANY,20 E DICKENS RD,CLAYMONT,2025-01-21,252500,290000
411,BRIGHTNOVA INC,COMMERCIAL LENDER LLC,830 E 17TH ST,WILMINGTON,2025-01-21,105000,154500
412,DYNAMIC PROPERTY SOLUTIONS LIMITED LIABILITY,SUNSHINE PROPERTY GROUP LLC,9 JOHNSON AVE,SEAFORD,2025-01-21,60000,100000
413,IJ UNITS LLC,ABL RPC RESID CR ACQUISITION L,907 B FIFTH ST,DELAWARE CITY,2025-01-18,235000,176250
414,PG & SONS PROPERTIES LLC,ROSS CAPITAL PARTNERS LLC,315 E 13TH ST,WILMINGTON,2025-01-17,50000,135000
415,UKSP INC,BEELINE LOANS INC,939 E 26TH ST,WILMINGTON,2025-01-17,165000,107250
416,DNA PROPERTY GROUP LLC,LOAN FUNDER LLC,128 SOMERS AVE,NEW CASTLE,2025-01-17,185000,227250
417,ST HOMES LLC,HOME TREATMENTS LLC,1307 CHELMSFORD CIR,NEWARK,2025-01-17,165000,172300
418,BALE DEVELOPMENT COMPANY,LVE INVESTMENTS LLC,315 ROBIN DR,BEAR,2025-01-17,310000,325000
419,HPCC CAMDEN LLC,ARTISANS' BANK,1320 MIDDLEFORD RD STE 203,SEAFORD,2025-01-17,220000,220000
420,WEALTH LINK LLC,ORANGEPATH FINANCIAL INC,21 MARLIN DR,NEWARK,2025-01-14,375000,206250
421,BIGG JIMS HOMES LLC,MCSULL INVESTMENTS LP,193 NEW CASTLE AVE,FELTON,2025-01-13,115000,192000
422,PROPERTIES 81 LLC,RCN CAPITAL LLC,526 N MONROE ST,WILMINGTON,2025-01-13,92000,121800
423,UPPER ROOM GROUP LLC,WAGMAN GREGORY,8 W MINUIT DR,NEW CASTLE,2025-01-13,155000,200000
424,UPPER ROOM GROUP LLC,WAGMAN GREGORY,8 W MINUIT DR,NEW CASTLE,2025-01-13,155000,200000
425,AFFORDABLE CONSULTATION LLC,LARRYS LATE NIGHT LENDING LLC,1301 LANCASTER AVE,WILMINGTON,2025-01-10,83000,115000
426,NAVY REAL ESTATE LLC,RFLF 4 LLC,209 W 18TH ST,WILMINGTON,2025-01-10,265000,287800
427,JAY-RO BUILDERS INC,PATE FINANCIAL LLC,243 S BEDFORD ST,GEORGETOWN,2025-01-10,172346,216504
428,JAY-RO BUILDERS INC,PATE FINANCIAL LLC,245 S BEDFORD ST,GEORGETOWN,2025-01-10,207654,228915
429,Z ESTATES-MILLVILLE BY THE SEA LLC,ARTISANS' BANK,37205 SPARKLING SEA DR,MILLVILLE,2025-01-09,510900,357630
430,SOMNIUS REAL ESTATE LLC,CITADEL SERVICING CORPORATION,420 S FRANKLIN ST,WILMINGTON,2025-01-09,145000,116000
431,PREMIER REAL ESTATE INVESTMENTS LLC,EASY STREET CAPITAL LLC,200 BINSTEAD AVE,WILMINGTON,2025-01-09,250000,200000
432,ATLANTICHOLLYWOOD LLC,MORGAN STANLEY PVT BANK NA,206 HOLLYWOOD ST,BETHANY BEACH,2025-01-09,3070000,2100000
433,CARUSO HOMES ON YOUR LOT DE 1 LLC,FLAGSTAR BANK,26615 LINE RD,SEAFORD,2025-01-09,336000,25000000
434,CARUSO HOMES ON YOUR LOT DE 1 LLC,FLAGSTAR BANK,26615 LINE RD,SEAFORD,2025-01-09,336000,25000000
435,CARUSO HOMES ON YOUR LOT DE 1 LLC,FLAGSTAR BANK,26615 LINE RD,SEAFORD,2025-01-09,336000,25000000
436,CARUSO HOMES ON YOUR LOT DE 1 LLC,FLAGSTAR BANK,26615 LINE RD,SEAFORD,2025-01-09,336000,25000000
437,JJPI HOMES LLC,ROSS CAPITAL PARTNERS LLC,2513 N WEST ST,WILMINGTON,2025-01-08,115000,153000
438,DYNAMIC PROPERTY SOLUTIONS LIMITED LIABILITY,PARIKH ANUSH,14245 SHILOH CHURCH RD,LAUREL,2025-01-08,215000,250000
439,STA REAL ESTATE INC,COMMERCIAL LENDER LLC,330 TOWNSEND ST,WILMINGTON,2025-01-06,106500,85200
440,GELYN PROPERTIES LLC,HAILSTONE JAMES,112 HARDING AVE,WILMINGTON,2025-01-06,150000,150000
441,DARERGO PROPERTIES LLC,JZ LEASING AND RENTAL LLC,86 THORN LN,NEW CASTLE,2025-01-06,105500,105500
442,COOL INVESTMENTS LLC,SHALLCROSS MORTGAGE COMPANY,405 PARK LN,LAUREL,2025-01-04,120000,160000
443,JAYRO BUILDERS INC,PF 504 LLC,4022 PEACHTREE RUN RD,DOVER,2025-01-03,99100,135022
444,RICHMAN RENTALS LLC,COMMERCIAL LENDER LLC,1901 N WEST ST,WILMINGTON,2025-01-02,130000,136500
445,KLEOPATRA RENTALS LLC,BLUEBIRD LENDING LLC,2508 N MARKET ST,WILMINGTON,2025-01-02,115000,100000
446,INSIGHT BUILDING CO LLC,LINKBANK,22947 MILTON ELLENDALE HWY,MILTON,2025-01-02,528992,528992
447,COASTAL HOLDINGS LLC,PARIKH ANUSH,109 CHALET CT,CAMDEN,2024-12-30,161000,225000
448,Z SIXTH LLC,EINHORN ONE REALTY LLC,309 W 6TH ST,WILMINGTON,2024-12-30,499900,569910
449,Z SIXTH LLC,EINHORN ONE REALTY LLC,307 W 6TH ST,WILMINGTON,2024-12-30,499900,569910
450,NAVY REAL ESTATE LLC,RFLF 7 LLC,4662 DARTMOOR DR,WILMINGTON,2024-12-30,350000,420150
451,STONY CREST PROPERTY MANAGEMENT LLC,RCN CAPITAL LLC,1814 N WASHINGTON ST,WILMINGTON,2024-12-30,495000,396000
452,VIKING SELF STORAGE 2 LLC,COMMUNITY BANK DELAWARE,30614 OVERBROOK CENTER WAY,MILTON,2024-12-30,1500000,1200000
453,TINY XSCAPE LLC,LENDINGONE LLC,141 RODRIC TER,DOVER,2024-12-27,300000,240000
454,3262 BAY RD MILFORD LLC,LINKBANK,3262 BAY RD,MILFORD,2024-12-27,300000,240000
455,HPF LEGACY LLC,BPL MORTGAGE LLC,1574 NATHANIEL MITCHELL RD,DOVER,2024-12-27,295000,236000
456,ROSES INVESTMENTS LLC,HOMEXPRESS MORTGAGE CORP,1017 ELM ST,WILMINGTON,2024-12-27,205000,150000
457,SNMOL ENT INC,RCN CAPITAL LLC,1003 KIRKWOOD ST,WILMINGTON,2024-12-27,108500,107225
458,Z & F CONSTRUCTION AND CLEANING LLC,SHALLCROSS MORTGAGE COMPANY,310 COLONIAL AVE,WILMINGTON,2024-12-27,169000,195000
459,CHURCH OF PENTECOST USA INC-DELAWARE DISTRICT,WILMINGTON SVG FUND SOCIETY F,357 PAPER MILL RD,NEWARK,2024-12-27,871250,1312500
460,35552EA105 LLC,NATIONAL LOAN FUNDING LLC,35552 E ATLANTIC CIR UNIT 105,REHOBOTH BEACH,2024-12-27,330000,247500
461,AJ INVESTING LLC,COUNTY BANK,,BRIDGEVILLE,2024-12-24,250000,187500
462,PRESTIGE WORLDWIDE CAPITAL MANAGEMENT LLC,WILMINGTON SVG FUND SOCIETY F,222 CARTER DR # 6,MIDDLETOWN,2024-12-23,1225000,1000000
463,PRESTIGE WORLDWIDE CAPITAL MANAGEMENT LLC,WILMINGTON SVG FUND SOCIETY F,222 CARTER DR # 7,MIDDLETOWN,2024-12-23,1225000,1000000
464,PRESTIGE WORLDWIDE CAPITAL MANAGEMENT LLC,WILMINGTON SVG FUND SOCIETY F,222 CARTER DR # 8,MIDDLETOWN,2024-12-23,1225000,1000000
465,OIKOS PROPERTY INVESTMENTS LLC,SILVER STAR ESTATES LTD,115 E HIGH ST,FELTON,2024-12-20,177500,222000
466,ALL STAR CONSTRUCTION INC,ZITOFSKY 401K RETIREMENT TRUST,301 MAIN ST,TOWNSEND,2024-12-20,58000,120600
467,302 G PROPERTIES LLC,KILANKO ISAAC,213 E 28TH ST,WILMINGTON,2024-12-20,170000,116742
468,PROPERTIES 81 LLC,RCN CAPITAL LLC,235 N RODNEY ST,WILMINGTON,2024-12-20,95000,119000
469,JK INVESTMENT PROPERTIES LLC,COUNTY BANK,27361 MARTINS FARM RD,MILTON,2024-12-20,415000,448600
470,EVG-ADMIRAL VENTURES LLC,ARTISANS' BANK,38804 CLEVELAND AVE,SELBYVILLE,2024-12-20,615000,978000
471,RBJ HOMES LLC,CAMAPLAN,317 TOWNSEND ST,WILMINGTON,2024-12-19,51000,115000
472,RBJ HOMES LLC,SPG CAPITAL FUND I LLC,336 TOWNSEND ST,WILMINGTON,2024-12-19,40000,115000
473,MFZM LLC,SHALLCROSS MORTGAGE COMPANY,29 CARLISLE RD,NEWARK,2024-12-19,225000,240000
474,UPPER ROOM GROUP LLC,SPECIALIZED TRUST COMPANY,3119 IRISH HILL RD,MAGNOLIA,2024-12-18,110900,60000
475,PROJECT ONE GROUP LLC,SHALLCROSS MORTGAGE COMPANY,410 NORTH ST,MILFORD,2024-12-18,125000,200000
476,SLNG LLC,SILVER STAR ESTATES LTD,5745 SUMMIT BRIDGE RD,TOWNSEND,2024-12-17,171300,257000
477,YESOD PROPERTIES LLC,HAILSTONE JAMES,1337 W 6TH ST,WILMINGTON,2024-12-17,140000,190000
478,TRUST PROPERTIES LLC,SHALLCROSS MORTGAGE COMPANY,237 CORNWELL DR,BEAR,2024-12-16,475000,510000
479,PROPERTIES 81 LLC,RCN CAPITAL LLC,1013 KIRKWOOD ST,WILMINGTON,2024-12-16,85000,116500
480,RBJ HOMES LLC,STONE BAY HOLDINGS II LLC,2222 N TATNALL ST,WILMINGTON,2024-12-16,70000,131500
481,SMC PROPERTIES LLC,GROUNDFLOOR CREDIT 1 LLC,2914 W 3RD ST,WILMINGTON,2024-12-15,140000,174061
482,PAM MARK PROPERTIES LLC,HAILSTONE JAMES,927 DOVER AVE,WILMINGTON,2024-12-14,93000,100000
483,UPPER ROOM GROUP LLC,HOME TREATMENTS LLC,2603 N MARKET ST,WILMINGTON,2024-12-13,100000,130000
484,NAS HOMES LLC,NEIGHBORGOOD PARTNERS INC,240 N LOMBARD ST,WILMINGTON,2024-12-13,105000,165000
485,BENGOL REAL ESTATES GROUP LLC,SHALLCROSS MORTGAGE COMPANY,303 DARLEY RD,CLAYMONT,2024-12-13,158000,245000
486,KINGDOM RENTALS LLC,AMERICAN HERITAGE LENDING LLC,7 ROGERS AVE,GEORGETOWN,2024-12-13,307500,157500
487,JAY SHIV SHANKAR INC,PATEL HIMANSU,4133 S DUPONT BLVD,SMYRNA,2024-12-12,500000,400000
488,MIDSTATE PROPERTIES LLC,SHORE UNITED BANK NA,115 E MAIN ST,FELTON,2024-12-12,50000,35000
489,BRANCH PROPERTIES LLC,ARTISANS' BANK,2300 PENNSYLVANIA AVE # C,WILMINGTON,2024-12-12,160000,160000
490,CLOUD 9 HOMES LLC,E B REMSTER LLC,3010 MAPLE SHADE LN,WILMINGTON,2024-12-12,405000,470000
491,WPGI LLC,COMMUNITY BANK DELAWARE,20337 W PINEY GROVE RD,GEORGETOWN,2024-12-12,900000,720000
492,MIB1 LLC,COMMUNITY BANK DELAWARE,,REHOBOTH BEACH,2024-12-12,520000,416000
493,J LEE PROPERTIES LLC,CROSSCOUNTRY MORTGAGE LLC,2517 N WASHINGTON ST,WILMINGTON,2024-12-11,195000,146250
494,NLR HOLDINGS LLC,LUMINATE HOME LOANS INC,36376 GATE DR,GEORGETOWN,2024-12-09,449900,359920
495,4KF DEVELOPERS LLC,SHALLCROSS MORTGAGE COMPANY,107 CLINTON ST,DELAWARE CITY,2024-12-09,102000,190000
496,PG & SONS PROPERTIES LLC,ROSS CAPITAL PARTNERS LLC,1603 W 3RD ST,WILMINGTON,2024-12-09,145000,140000
497,CMM REALTY HOLDINGS LLC-307-309 DELAWARE SERI,FRANKLIN MINT FCU,307 DELAWARE CIR,NEWARK,2024-12-06,380000,304000
498,PROPERTIES 81 LLC,SHALLCROSS MORTGAGE COMPANY,1118 READ ST,WILMINGTON,2024-12-06,85000,125000
499,SKYPRO HOLDINGS LLC,RPIP SUB REIT LLC,231 ADAMS ST,DELAWARE CITY,2024-12-05,190000,270000
500,AITKEN PROPERTIES LLC,ARTISANS' BANK,110 W MAIN ST,MIDDLETOWN,2024-12-05,510000,459000
501,121 WOODLAWN AVENUE INDUSTRIES LLC,DHM INDUSTRIES INC,121 WOODLAWN AVE,WILMINGTON,2024-12-05,156000,210900
502,UPPER ROOM GROUP LLC,WAGMAN HOLLY,21 W MINUIT DR,NEW CASTLE,2024-12-05,93000,195000
503,DOMERCANT INVESTMENTS LLC,DOMINION FIN'L SERVICES LLC,1004 WEST ST,LAUREL,2024-12-05,125000,172500
504,BALE DEVELOPMENT COMPANY,LVE INVESTMENTS LLC,90 ROCK AVE,WILMINGTON,2024-12-04,212500,225000
505,PM CARPET INSTALLATION LLC,SHALLCROSS MORTGAGE COMPANY,118 W VAN BUREN AVE,NEW CASTLE,2024-12-04,230000,250000
506,BROADKILL VENTURES LLC,STONE JESSICA,803 NEW ST,MILFORD,2024-12-04,129990,130000
507,CAPSTONE HOMES LLC,MANUFACTURERS & TRADERS TR CO/,22680 TERRI LN,LEWES,2024-12-03,417150,12000000
508,R & L PROPERTIES LLC,SHALLCROSS MORTGAGE COMPANY,72 BROADLEAF DR,NEWARK,2024-12-03,275000,285000
509,TALASIM PROPERTIES LLC,LOAN STORE INC,617 MARYLAND AVE,WILMINGTON,2024-12-03,142000,113600
510,MANIA RAYOLLA LLC,DOVER FEDERAL CREDIT UNION,26 E GLENWOOD AVE,SMYRNA,2024-12-02,475000,356250
511,BENGOL REAL ESTATE GROUP LLC,SHALLCROSS MORTGAGE COMPANY,4 GLENROCK DR,CLAYMONT,2024-12-02,265000,310000
512,HNB INVESTMENT PROPERTIES LLC,RFLF 4 LLC,316 BROOKLAND AVE,WILMINGTON,2024-12-02,165000,208250
513,SURGE PROPERTIES LLC,LOAN FUNDER LLC,408 10TH ST,NEW CASTLE,2024-12-02,206000,234500
514,MILLMAN FAMILY VENTURES LLC,CALVIN B TAYLOR BKNG CO/BERLI,13816 COASTAL HWY,MILTON,2024-12-02,1100000,1024000
515,PG & SONS PROPERTIES LLC,ROSS CAPITAL PARTNERS LLC,314 E 22ND ST,WILMINGTON,2024-11-27,127000,130000
516,ETR PROPERTY MANAGEMENT LLC,BPL MORTGAGE LLC,425 N CHURCH ST,WILMINGTON,2024-11-27,92500,74000
517,1807 W 8TH ST ASSOCIATES LLC,SHALLCROSS MORTGAGE COMPANY,1807 W 8TH ST,WILMINGTON,2024-11-27,185000,210000
518,AAAA HOMES LLC,ABL RPC RESID CR ACQUISITION L,106 E MAIN ST,MIDDLETOWN,2024-11-27,201000,160800
519,PG & SONS PROPERTIES LLC,ROSS CAPITAL PARTNERS LLC,1304 N CLAYMONT ST,WILMINGTON,2024-11-27,80000,130000
520,TWO COUSINS INVESTMENT PROPERTY LLC,BELL ISLAND MORTGAGE INC,110 E KING ST,SEAFORD,2024-11-27,152000,160000
521,17 STUDIOS LLC,ABL RPC RESID CR ACQUISITION L,44 FOREST CREEK DR,DOVER,2024-11-26,215000,172000
522,MPI PROPERTIES LLC,SHALLCROSS MORTGAGE COMPANY,668 ARBOUR DR,NEWARK,2024-11-26,285000,385000
523,SALEM HVAC LLC,SHALLCROSS MORTGAGE COMPANY,8 E 39TH ST,WILMINGTON,2024-11-26,162000,210000
524,BIGG JIMS HOMES LLC,SADIQ URSULA,11166 PAGE PL,LINCOLN,2024-11-26,115000,189000
525,CEDAR RUN APARTMENTS LLC,BEACH COMMERCIAL REALTY LLC,37890 GREENWICH LN,OCEAN VIEW,2024-11-26,400000,400000
526,EDIL LLC,JMAC LENDING INC,2010 FERGUSON DR,WILMINGTON,2024-11-25,332500,266000
527,BRIGHTNOVA INC,COMMERCIAL LENDER LLC,824 E 17TH ST,WILMINGTON,2024-11-22,121000,168900
528,BROADKILL VENTURES LLC,MCKINLEY C,36733 W POND CIR,SELBYVILLE,2024-11-22,274990,270000
529,134 REHOBOTH AVE LLC,WILMINGTON SVG FUND SOCIETY F,134 REHOBOTH AVE,REHOBOTH BEACH,2024-11-21,4000000,3080000
530,LA & EB ASSOCIATES LLC,AMERICAN HERITAGE LENDING LLC,17059 S BRANDT ST UNIT 3108,LEWES,2024-11-21,375000,287227
531,RBJ HOMES LLC,OUT EAST HOLDINGS LLC,328 CEDAR ST,WILMINGTON,2024-11-20,110000,130000
532,PG & SONS PROPERTIES LLC,ROSS CAPITAL PARTNERS LLC,32 RYAN AVE,NEW CASTLE,2024-11-20,135000,150000
533,VILLAGE OF HOPE AMERICA INC,DEL-ONE FEDERAL CREDIT UNION,403 N FRONT ST,GEORGETOWN,2024-11-20,255000,137650
534,LMA REAL ESTATE LLC,WORLDWIDE INVESTORS SOLUTIONS,208 E 23RD ST,WILMINGTON,2024-11-19,30000,125000
535,SALEM HVAC LLC,SHALLCROSS MORTGAGE COMPANY,501 W 3RD ST,WILMINGTON,2024-11-19,153000,285000
536,UPPER ROOM GROUP LLC,EQUITY TRUST CO,258 MAIN ST,LEIPSIC,2024-11-15,135000,225000
537,RHETT AND JUSTIN 1 LLC,FULTON BANK NA,133 W MAIN ST,NEWARK,2024-11-15,662500,481125
538,CAPUTO AND SONS LLC,LOAN FUNDER LLC,5209 PERRY PL,WILMINGTON,2024-11-15,252000,201600
539,SEPA INVEST LLC,WAGMAN GREGORY,232 N FRANKLIN ST,WILMINGTON,2024-11-15,78000,120000
540,CHI 1495 LLC,PARKE BANK,189 FAIRHILL DR,WILMINGTON,2024-11-15,590000,354000
541,LUCKY 801 LLC,BARNES REAL ESTATE LLC,801 S DUPONT HWY,NEW CASTLE,2024-11-15,1050000,850000
542,3CP LEGACY PROPERTIES LLC,HOMEXPRESS MORTGAGE CORP,22848 DOGWOOD DR,LEWES,2024-11-15,250000,200000
543,JJPI HOMES LLC,ROSS CAPITAL PARTNERS LLC,3606 NAAMANS DR,CLAYMONT,2024-11-13,260000,269000
544,HORSESHOE PRIVATE INVESTMENTS LLC,NEXERA HOLDING LLC,130 MADISON DR,NEWARK,2024-11-12,247000,183400
545,PG & SONS PROPERTIES LLC,COMMERCIAL LENDER LLC,107 ROSE LN,NEW CASTLE,2024-11-12,450000,357600
546,PG & SONS PROPERTIES LLC,COMMERCIAL LENDER LLC,56 THORN LN,NEW CASTLE,2024-11-12,450000,357600
547,PG & SONS PROPERTIES LLC,COMMERCIAL LENDER LLC,4 THORN CT,NEW CASTLE,2024-11-12,450000,357600
548,DYNAMIC PROPERTY SOLUTIONS LIMITED LIABILITY,PARIKH ANUSH,81 RIVERS END DR,SEAFORD,2024-11-12,280000,300000
549,DOWNS LEADER LLC,FRITSCHLE GRANT,25725 GUM TREE RD,DAGSBORO,2024-11-12,140000,140803
550,1999 PULASKI PROPERTY LLC,SHALLCROSS MORTGAGE COMPANY,125 E LAKE ST,MIDDLETOWN,2024-11-11,120000,180000
551,SELECTIVE REAL ESTATE SOLUTIONS LLC,LARRYS LATE NIGHT LENDING LLC,318 E HARVEST LN,MIDDLETOWN,2024-11-08,250000,325000
552,WILMINGTON HOME PORTFOLIO LLC,PROGRESSUS LLC,1006 W 2ND ST,WILMINGTON,2024-11-08,780000,900000
553,WILMINGTON HOME PORTFOLIO LLC,PROGRESSUS LLC,953 E 17TH ST,WILMINGTON,2024-11-08,780000,900000
554,WILMINGTON HOME PORTFOLIO LLC,PROGRESSUS LLC,944 E 17TH ST,WILMINGTON,2024-11-08,780000,900000
555,WILMINGTON HOME PORTFOLIO LLC,PROGRESSUS LLC,938 E 17TH ST,WILMINGTON,2024-11-08,780000,900000
556,IMMANUEL JAMES LLC,TRIUST LENDING PARTNERS LLC,326 NEW CASTLE AVE,WILMINGTON,2024-11-08,78000,100000
557,WILMINGTON HOME PORTFOLIO LLC,PROGRESSUS LLC,103 E 24TH ST,WILMINGTON,2024-11-08,780000,900000
558,AYAGALAN ACRES LLC,ABL RPC RESID CR ACQUISITION L,126 W 8TH ST,HISTORIC NEW CASTLE,2024-11-08,235000,188000
559,WILMINGTON HOME PORTFOLIO LLC,PROGRESSUS LLC,903 E 17TH ST,WILMINGTON,2024-11-08,780000,900000
560,WILMINGTON HOME PORTFOLIO LLC,PROGRESSUS LLC,925 E 17TH ST,WILMINGTON,2024-11-08,780000,900000
561,RBJ HOMES LLC,CAMAPLAN,423 S JACKSON ST,WILMINGTON,2024-11-08,92000,125000
562,DEL-ONE INVESTMENTS LLC,RRR GROUP INC,121 S COLTS NECK WAY,HOCKESSIN,2024-11-08,475000,562500
563,MAVADIA HOLDINGS LLC,RCN CAPITAL LLC,11 SAILBOAT CIR,NEWARK,2024-11-07,238000,188124
564,PG & SONS PROPERTIES LLC,COMMERCIAL LENDER LLC,62 THORN LN,NEW CASTLE,2024-11-07,160000,128000
565,GORE REALTY LLC,ROSS CAPITAL PARTNERS LLC,101 BRIGGS LN,NEWARK,2024-11-07,680000,745000
566,103 DURSO SERIES,CHRISTOPHEL SARAH,103 DURSO DR,NEWARK,2024-11-07,230000,300000
567,USA HOMES MANAGEMENT LLC,AMERICAN HERITAGE LENDING LLC,1217 W 5TH ST,WILMINGTON,2024-11-06,8100,96200
568,OZON LLC,SHORE UNITED BANK NA,19268 DEERFIELD RD,BRIDGEVILLE,2024-11-06,275000,200000
569,VINCENT PROPERTIES LLC,COUNTY BANK,5761 ANDREWVILLE RD,GREENWOOD,2024-11-05,235000,235000
570,COWRY ACRES LLC,ABL RPC RESID CR ACQUISITION L,519 BLACKBIRD DR,BEAR,2024-11-05,270000,216000
571,PARK PLACE ENTERPRISES LLC,SHALLCROSS MORTGAGE COMPANY,11 ARNOLD PL,NEWARK,2024-11-05,138000,182000
572,DCR81 LLC,J HUNTER LLC,105 BRANCH ST,FELTON,2024-11-04,172000,222000
573,CARMA GROUP LLC,RCN CAPITAL LLC,2910 N TATNALL ST,WILMINGTON,2024-11-04,118000,164874
574,OWENS LLC,MANUFACTURERS & TRADERS TR CO/,2619 EBRIGHT RD,WILMINGTON,2024-11-04,525000,472500
575,NEW BURTON STORAGE LLC,MATTMO LLC,419 WEBBS LN,DOVER,2024-11-01,300000,300000
576,124 LAYTON LLC,CAPITAL BANK NA,124 LAYTON DR,BETHANY BEACH,2024-11-01,1050000,675000
577,BIGG JIMS HOMES LLC,DOMINION FIN'L SERVICES LLC,2043 DOWNS CHAPEL RD,CLAYTON,2024-10-31,74000,175000
578,HNB INVESTMENT PROPERTIES LLC,LYNK INVESTMENTS LLC,117 MINNER ST,HOUSTON,2024-10-31,125000,163000
579,1999 PULASKI PROPERTY LLC,SHALLCROSS MORTGAGE COMPANY,846 BARKERS LANDING RD,MAGNOLIA,2024-10-31,95000,180000
580,DGKP LONGACRE LLC,SHORE UNITED BANK NA,519 S RED HAVEN LN,DOVER,2024-10-31,623853,1860000
581,VANE COURT LLC,CHANGE LENDING LLC,8 VANE CT,NEW CASTLE,2024-10-31,250000,200000
582,COWRY UNITS LLC,ABL RPC RESID CR ACQUISITION L,32 DAVID PL,NEWARK,2024-10-31,213000,170400
583,SOPB EXCHANGORS LLC,CALVIN B TAYLOR BKNG CO/BERLI,12391 ADAMSVILLE RD,GREENWOOD,2024-10-31,651000,651000
584,DREAMERS PROPERTIES LLC,WILMINGTON SVG FUND SOCIETY F,1817 W 3RD ST,WILMINGTON,2024-10-30,370000,273750
585,DREAMERS PROPERTIES LLC,WILMINGTON SVG FUND SOCIETY F,125 N RODNEY ST,WILMINGTON,2024-10-30,339700,281250
586,DREAMERS PROPERTIES LLC,WILMINGTON SVG FUND SOCIETY F,805 W 7TH ST,WILMINGTON,2024-10-30,339700,281250
587,DREAMERS PROPERTIES LLC,WILMINGTON SVG FUND SOCIETY F,1350 LANCASTER AVE,WILMINGTON,2024-10-30,339700,281250
588,DREAMERS PROPERTIES LLC,WILMINGTON SVG FUND SOCIETY F,612 S HARRISON ST,WILMINGTON,2024-10-30,370000,273750
589,DREAMERS PROPERTIES LLC,WILMINGTON SVG FUND SOCIETY F,1018 ELM ST,WILMINGTON,2024-10-30,370000,273750
590,HAQUE N & S CORPORATION,UNITED WHOLESALE MORTGAGE LLC,5526 DORAL DR,WILMINGTON,2024-10-30,360000,288000
591,BIGG JIMS HOMES LLC,CAMA SDIRA LLC,14018 OAK BRANCH RD,DELMAR,2024-10-30,80000,185000
592,140 PAWNEE LLC,LOAN FUNDER LLC,3620 MILFORD HARRINGTON HWY,HARRINGTON,2024-10-29,210000,189000
593,DEL-ONE INVESTMENTS LLC,RRR GROUP INC,216 W HIGH ST,FELTON,2024-10-29,90000,201000
594,RAMITOS HOMES LLC,HUDSON GROUP REALTY NETWORK,809 VANDEVER AVE,WILMINGTON,2024-10-29,77500,110000
595,PAM MARK PROPERTIES LLC,HAILSTONE JAMES,7 N STUYVESANT DR,WILMINGTON,2024-10-29,200000,200000
596,BRIGHTNOVA INC,COMMERCIAL LENDER LLC,936 VANDEVER AVE,WILMINGTON,2024-10-29,56000,106400
597,4M FAMILY PARTNERSHIP LLC,JPMORGAN CHASE BANK NA,21410 SWEETWATER SQ,SELBYVILLE,2024-10-28,745000,596000
598,TEITATOTTSU LLC,ARTISANS' BANK,3162 DUPONT PKWY,TOWNSEND,2024-10-25,261250,209000
599,JOB WELL DONE REMODEL & REPAIR LLC,HUBBARD DANICE,2230 LAMOTTE ST,WILMINGTON,2024-10-25,50000,90000
600,M & J ESTATE LLC,LOAN FUNDER LLC,710 JEFFERSON ST,WILMINGTON,2024-10-25,115000,163500
601,YESOD PROPERTIES LLC,SHALLCROSS MORTGAGE COMPANY,1017 E 27TH ST,WILMINGTON,2024-10-25,96000,140000
602,BEDFORD HOLDINGS LLC,JACK D CURRIE AND ELLEN J CURR,CURRIE,MILFORD,2024-10-25,385000,192500
603,BEDFORD HOLDINGS LLC,JACK D CURRIE AND ELLEN J CURR,CURRIE,MILFORD,2024-10-25,385000,192500
604,KERRIGAN CONSTRUCTION INC,DOVER FEDERAL CREDIT UNION,391 UNION CHURCH RD,TOWNSEND,2024-10-24,425000,318750
605,STUMPO MANAGEMENT LLC,MERIDIAN BANK,1503 EMORY RD,WILMINGTON,2024-10-24,336000,345000
606,302 G PROPERTIES LLC,BRRR FUNDER LLC,209 W 18TH ST,WILMINGTON,2024-10-24,220790,217671
607,SALEM HVAC LLC,SHALLCROSS MORTGAGE COMPANY,231 PHILADELPHIA PIKE,WILMINGTON,2024-10-24,240000,285000
608,2 GOOMBAHS LLC,SYME ROBERT,410 N HARRISON ST,WILMINGTON,2024-10-24,470000,61975
609,2 GOOMBAHS LLC,SYME ROBERT,113 S HARRISON ST,WILMINGTON,2024-10-24,470000,107500
610,2 GOOMBAHS LLC,SYME ROBERT,213 S HARRISON ST,WILMINGTON,2024-10-24,470000,43032
611,2 GOOMBAHS LLC,SYME ROBERT,211 S HARRISON ST,WILMINGTON,2024-10-24,470000,41486
612,MARES LLC,SHALLCROSS MORTGAGE COMPANY,2403 NEWPORT GAP PIKE,WILMINGTON,2024-10-24,165000,240000
613,JRO LLC,MCKINLEY C,226 CHELSEA WAY,DOVER,2024-10-23,285000,325000
614,K & M CONSTRUCTION LLC,SHALLCROSS MORTGAGE COMPANY,2004 S COLLEGE AVE,NEWARK,2024-10-23,309000,380000
615,DBF GENERAL CONTRACTING LLC,SHALLCROSS MORTGAGE COMPANY,206 ROSEMONT DR,WILMINGTON,2024-10-23,208902,230000
616,JFK INDUSTRIES LLC,WILMINGTON SVG FUND SOCIETY F,370 SCHOOL BELL RD,BEAR,2024-10-22,635000,539750
617,SELECTIVE REAL ESTATE SOLUTIONS LLC,LARRYS LATE NIGHT LENDING LLC,106 HOLIDAY PL,NEWARK,2024-10-21,225000,344000
618,RT 30 AUTO & TRUCK SALES LLC,BELL ISLAND MORTGAGE INC,32901 MOUNT PLEASANT RD,LAUREL,2024-10-19,115000,125000
619,PG & SONS PROPERTIES LLC,RCN CAPITAL LLC,2623 JESSUP ST,WILMINGTON,2024-10-18,44000,89610
620,BENGOL REAL ESTATES GROUP LLC,SHALLCROSS MORTGAGE COMPANY,3211 E COURT AVE,CLAYMONT,2024-10-18,195000,200000
621,BIG JIMS HOMES LLC,DOMINION FIN'L SERVICES LLC,26307 GOVERNOR STOCKLEY RD,GEORGETOWN,2024-10-18,150000,255500
622,AD HOMES LLC,SILVER HILL FUNDING LLC,1005 WILMINGTON RD,HISTORIC NEW CASTLE,2024-10-17,360000,268000
623,PROPERTIES AS IS LLC,RCN CAPITAL LLC,203 W 19TH ST,WILMINGTON,2024-10-17,300000,300000
624,WD REAL ESTATE INVESTMENTS LLC,STAYTON JANE,117 S BEDFORD ST,GEORGETOWN,2024-10-16,300000,300000
625,203 BAYARD AVE LLC,ARTISANS' BANK,203 BAYARD AVE,REHOBOTH BEACH,2024-10-16,1525000,2055000
626,HNB INVESTMENT PROPERTIES LLC,DOMINION FIN'L SERVICES LLC,312 S POPLAR ST,LAUREL,2024-10-16,188000,236000
627,CJ PROSPERITY HOMES LLC,LOAN FUNDER LLC,899 SCHOOLHOUSE LN,DOVER,2024-10-15,190000,213500
628,SEPA INVEST LLC,RCN CAPITAL LLC,162 BROOKSIDE BLVD,NEWARK,2024-10-15,190000,250250
629,APURE LLC,SHALLCROSS MORTGAGE COMPANY,65 WILLOW GROVE MILL DR,MIDDLETOWN,2024-10-15,480000,450000
630,MONACO REAL ESTATE LLC,BRRRR FUNDER LLC,124 W 8TH ST,HISTORIC NEW CASTLE,2024-10-15,142000,169350
631,MONACO REAL ESTATE LLC,BRRRR FUNDER LLC,926 N PINE ST,WILMINGTON,2024-10-15,122000,125850
632,CARMA GROUP LLC,RCN CAPITAL LLC,438 ANDERSON DR,WILMINGTON,2024-10-15,131516,171195
633,RB FINANCIAL SERVICES INC,COMMERCIAL LENDER LLC,1115 CHESTNUT ST,WILMINGTON,2024-10-11,90000,133000
634,K & M CONSTRUCTION LLC,SHALLCROSS MORTGAGE COMPANY,4 METEOR LN,NEWARK,2024-10-10,400000,450000
635,B & O PROPERTY GROUP LLC,WILMINGTON SVG FUND SOCIETY F,1209 W 9TH ST,WILMINGTON,2024-10-09,400000,300000
636,ZAHRAREALTY LLC,DOUBLE BACKFLIP LLC,703 FARMHOUSE CT,WILMINGTON,2024-10-09,275000,251000
637,ZAHRAREALTY LLC,DOUBLE BACKFLIP LLC,247 BECKS WOODS DR,BEAR,2024-10-07,215000,218000
638,ZITOFSKY CAPITAL MANAGEMENT INC,ZITOFSKY DANIEL,911 JOHNSON DR,MIDDLETOWN,2024-10-07,177282,191844
639,J & J ROCKETSHIP LLC,LVE INVESTMENTS LLC,9060 COASTAL HWY,MILFORD,2024-10-07,250000,350000
640,JESNELL LLC,NEWREZ LLC,901 E IVY DR,SEAFORD,2024-10-07,238500,178875
641,KEY PURPOSE LLC,TVC FUNDING III LLC,29 N NEW ST,DOVER,2024-10-04,215000,172000
642,ALIS MANAGEMENT COMPANY LLC,GABJILL ENTERPRISES LLC,100 ANGLIN DR,NEWARK,2024-10-04,285000,295000
643,RBJ HOMES LLC,SPG CAPITAL FUND I LLC,1406 W 2ND ST,WILMINGTON,2024-10-04,130000,177000
644,PG & SONS PROPERTIES LLC,SHALLCROSS MORTGAGE COMPANY,21 RYAN AVE,NEW CASTLE,2024-10-04,70000,150000
645,1999 PULASKI PROPERTY LLC,SHALLCROSS MORTGAGE COMPANY,306 FRAZER PL,NEW CASTLE,2024-10-04,159478,190000
646,HESLIP CONTRACTING LLC,HESLIP LLC,16 ANNIE GILLIS LN,SMYRNA,2024-10-03,185000,185000
647,1999 PULASKI PROPERTY LLC,SHALLCROSS MORTGAGE COMPANY,404 7TH ST,NEW CASTLE,2024-10-03,177000,200000
648,UPPER ROOM GROUP LLC,ANCHOR LOANS LP,910 W 30TH ST,WILMINGTON,2024-10-01,160000,159000
649,SEA SIDE LIFE LLC,PNC BANK NATIONAL ASSOCIATION,8 SEA SIDE DR,BETHANY BEACH,2024-10-01,2675000,1925000
650,TTD DEVELOPMENT LLC,TD BANK NA,1909 COASTAL HWY # 5,REHOBOTH BEACH,2024-10-01,795000,556500
651,CONAWAY ENTERPRISES RRD LLC,SHORE UNITED BANK NA,129 E CLEVELAND AVE,NEWARK,2024-09-30,275000,190000
652,PIZARRO FLOORING LLC,SHALLCROSS MORTGAGE COMPANY,1944 LAKEVIEW RD,WILMINGTON,2024-09-30,100000,140000
653,UPPER ROOM GROUP LLC,ANCHOR LOANS LP,33 MAVISTA CIR,NEWARK,2024-09-27,265000,245000
654,T F G FLOORING INSTALLATION LLC,ROSS CAPITAL PARTNERS LLC,707 E 22ND ST,WILMINGTON,2024-09-27,70000,119000
655,STONESIDE & ASSOC LLC,TRIUST LENDING PARTNERS LLC,1004 N LOMBARD ST,WILMINGTON,2024-09-27,130000,149393
656,TOP HOMES LLC,THE LENDING GROUP COMPANY,2505 N MARKET ST,WILMINGTON,2024-09-27,232000,185600
657,BRIGHTNOVA INC,COMMERCIAL LENDER LLC,1211 CHESTNUT ST,WILMINGTON,2024-09-27,114000,146250
658,DESTROY & REPAIR LLC,SHALLCROSS MORTGAGE COMPANY,702 WOODSEDGE RD,WILMINGTON,2024-09-27,205000,238000
659,REALTY WITH JESSE LLC,JOHN F WAGMAN IRREVOCABLE TRUS,22 NOBLE CT,NEWARK,2024-09-27,215000,270000
660,40 JOHN HALL DR LLC,FULTON BANK NA,40 JOHN HALL DR,OCEAN VIEW,2024-09-27,380000,285000
661,1999 PULASKI PROPERTY LLC,SHALLCROSS MORTGAGE COMPANY,43 E MOUNT VERNON ST,SMYRNA,2024-09-26,65000,175000
662,DELAWARE AVE LLC,FIRST CITIZENS COMMUNITY BANK,1903 DELAWARE AVE,WILMINGTON,2024-09-26,1300000,1040000
663,SEPA INVEST LLC,JOHN F WAGMAN IRREVOCABLE TRUS,2707 W 4TH ST,WILMINGTON,2024-09-26,145000,130000
664,VANIAH REALTY LLC,LENDSURE MORTGAGE CORP,613 W 10TH ST,WILMINGTON,2024-09-26,308000,231000
665,DGAS INC,NATIONAL LOAN FUNDING LLC,425 S WASHINGTON ST,MILFORD,2024-09-26,110000,161713
666,CAPSTONE HOMES LLC,COUNTY BANK,26029 HAYFIELD LN,MILLSBORO,2024-09-26,77000,226500
667,CAPSTONE HOMES LLC,COUNTY BANK,26033 HAYFIELD LN,MILLSBORO,2024-09-26,77000,226500
668,CAPSTONE HOMES LLC,COUNTY BANK,26037 HAYFIELD LN,MILLSBORO,2024-09-26,77000,226500
669,JJPI HOMES LLC,LARRYS LATE NIGHT LENDING LLC,415 TOWNSEND ST,WILMINGTON,2024-09-25,57000,126000
670,REVERDITO HOMES LLC,RRR GROUP INC,1004 CORNER KETCH RD,NEWARK,2024-09-25,219900,319000
671,BEN BROWN DEVELOPMENT INC,AMPED-UP INC,402 W 29TH ST,WILMINGTON,2024-09-24,140000,193500
672,GHANI LLC,SHALLCROSS MORTGAGE COMPANY,2306 FAULKLAND RD,WILMINGTON,2024-09-24,132000,215000
673,HERRITAGE INVESTMENT PROPERTIES LLC,WORLDWIDE INVESTORS SOLUTIONS,3514 IRISH HILL RD,MAGNOLIA,2024-09-23,152500,221174
674,GELYN PROPERTIES,HAILSTONE JAMES,726 PINE CREEK LN,BEAR,2024-09-23,162000,172000
675,19808 RENOVATIONS LLC,EQUITY TRUST CO,12 JOHNSON AVE,SEAFORD,2024-09-23,98000,128000
676,MOST VALUABLE PROPERTIES LLC,WORLDWIDE INVESTORS SOLUTIONS,112 KING WILLIAM ST,NEWARK,2024-09-20,110000,130000
677,NYE FIVE PROPERTY LLC,NATIONAL LOAN FUNDING LLC,215 RIVER DR,MILLSBORO,2024-09-20,225000,227500
678,W2931 LLC,SHORE UNITED BANK NA,210 W 29TH ST,WILMINGTON,2024-09-19,250000,573750
679,W2931 LLC,SHORE UNITED BANK NA,114 W 31ST ST,WILMINGTON,2024-09-19,600000,573750
680,W2931 LLC,SHORE UNITED BANK NA,116 W 31ST ST,WILMINGTON,2024-09-19,600000,573750
681,W2931 LLC,SHORE UNITED BANK NA,118 W 31ST ST,WILMINGTON,2024-09-19,600000,573750
682,W2931 LLC,SHORE UNITED BANK NA,120 W 31ST ST,WILMINGTON,2024-09-19,600000,573750
683,W2931 LLC,SHORE UNITED BANK NA,122 W 31ST ST,WILMINGTON,2024-09-19,600000,573750
684,FIRST STATE SUPPLIES LLC,WILMINGTON SVG FUND SOCIETY F,1614 W 16TH ST,WILMINGTON,2024-09-18,700000,514500
685,FIRST STATE SUPPLIES LLC,WILMINGTON SVG FUND SOCIETY F,1616 W 16TH ST,WILMINGTON,2024-09-18,700000,514500
686,AEF REALTY LLC-SERIES C,IFP FUND I LLC,1510 W 14TH ST,WILMINGTON,2024-09-18,355000,337400
687,KIRKS REALTY LLC,ESSENCAP FUNDING LLC,35722 CUTTER CT,LEWES,2024-09-17,0,803120
688,PIZARRO FLOORING INSTALLATION LLC,SHALLCROSS MORTGAGE COMPANY,102 LOWER OAK ST,WILMINGTON,2024-09-16,60000,100000
689,63 HARBOR RD NORTH SHORES LLC,CITIBANK NA,63 HARBOR RD,REHOBOTH BEACH,2024-09-16,1765000,1185000
690,JAY-RO BUILDERS INC,PF 504 LLC,68 HARCOURT DR,DOVER,2024-09-13,314000,309925
691,RODRIGUEZ PROPERTY LLC,SHALLCROSS MORTGAGE COMPANY,211 W AYRE ST,WILMINGTON,2024-09-13,235000,200000
692,1999 PULASKI PROPERTY LLC,SHALLCROSS MORTGAGE COMPANY,211 W 30TH ST,WILMINGTON,2024-09-13,80000,160000
693,PROPERTIES 81 LLC,RCN CAPITAL LLC,2311 CARTER ST,WILMINGTON,2024-09-13,84000,100500
694,123A RH DELAWARE LLC,LOAN FUNDER LLC,937 CLIFFORD BROWN WALK,WILMINGTON,2024-09-13,105000,78750
695,K & M CONSTRUCTION LLC,SHALLCROSS MORTGAGE COMPANY,20 HARVEST LN,NEWARK,2024-09-13,355000,400000
696,ONE-PIE INVESTMENTS LLC,FULTON BANK NA,12 DAVIES RD,NEWARK,2024-09-13,210000,500000
697,CKM-4 LLC,SHORE UNITED BANK NA,29044 BEACH COVE SQ,BETHANY BEACH,2024-09-12,970000,727500
698,H & H FAMILY LLC,ZHANG DERRICK,179 MADISON DR,NEWARK,2024-09-11,186000,120000
699,LOPEZ & PARDO-ADAM G LLC,CROSSCOUNTRY MORTGAGE LLC,402 N ADAMS ST,WILMINGTON,2024-09-11,140000,112000
700,KERRIGAN CONSTRUCTION INC,DOVER FEDERAL CREDIT UNION,12 S LAYTON AVE,WYOMING,2024-09-10,200000,150000
701,MOLITOR CARPENTRY & CONTRACTING INC,MICHAEL C KREPS ELECTRICAL CON,14 CASSANDRA RD,NEWARK,2024-09-10,190000,268000
702,JWL REALTY INC,HOME TREATMENTS LLC,183 MCCORMICK BLVD,NEWARK,2024-09-09,310000,320000
703,DIV BEAR DE OWNER LLC,THE PROVIDENT BANK,710 AMERICAN BLVD,BEAR,2024-09-09,10200000,29600000
704,MONACO REAL ESTATE LLC,SPG CAPITAL FUND I LLC,102 RUTH ST,WILMINGTON,2024-09-06,125000,135000
705,BRICKHOUSE RENTALS LLC,LINKBANK,18469 BETHPAGE DR,LEWES,2024-09-06,480000,384000
706,ZAHRAREALTY LLC,DOUBLE BACKFLIP LLC,332 COBBLE CREEK CURV,NEWARK,2024-09-05,150000,144000
707,MKMH ASSOCIATES LIMITED LIABILITY COMPANY,NATIONAL LOAN FUNDING LLC,129 ROSIE DR,MIDDLETOWN,2024-09-05,0,198750
708,SCHATZ-MESSICK ENTERPRISES LLC,FULTON BANK NA,830 S DUPONT BLVD,MILFORD,2024-09-05,500000,375000
709,RUIZ CONSTRUCTION LLC,UNITED WHOLESALE MORTGAGE LLC,3408 CLAYTON AVE,WILMINGTON,2024-09-04,0,196500
710,BROADKILL VENTURES LLC,PARIKH ANUSH,54 BRYAN DR,REHOBOTH BEACH,2024-09-04,159990,160000
711,G-LO PROPERTIES LLC,RCN CAPITAL LLC,843 N SPRUCE ST,WILMINGTON,2024-09-03,95000,101250
712,K & M CONSTRUCTION LLC,SHALLCROSS MORTGAGE COMPANY,2475 W DENNEYS RD,DOVER,2024-08-30,250000,310000
713,GUZMAN CONSTRUCTION LLC,SHALLCROSS MORTGAGE COMPANY,304 TREETOP CIR,BEAR,2024-08-30,405000,450000
714,2 GOOMBAHS LLC,BRRRR FUNDER LLC,813 WINDSOR ST,WILMINGTON,2024-08-30,95000,102510
715,2 GOOMBAHS LLC,BRRRR FUNDER LLC,803 W 6TH ST,WILMINGTON,2024-08-30,95000,102935
716,CRUCIAN ENTERPRISES INC,GREEN ROSE CAPITAL LLC,1311 VANDEVER AVE,WILMINGTON,2024-08-30,150000,120000
717,2 GOOMBAHS LLC,BRRRR FUNDER LLC,1327 VANDEVER AVE,WILMINGTON,2024-08-30,90000,103117
718,UPPER ROOM GROUP LLC,HOME TREATMENTS LLC,54 BETTS AVE,NEW CASTLE,2024-08-30,163000,205400
719,PG & SONS PROPERTIES LLC,SHALLCROSS MORTGAGE COMPANY,152 KILLORAN DR,NEW CASTLE,2024-08-30,135000,200000
720,DYNAMIC PROPERTY SOLUTIONS LIMITED LIABILITY,EQUITY TRUST CO,20738 FLEATOWN RD,LINCOLN,2024-08-30,175000,150000
721,MJ PROPERTY MANAGMENT LLC,RONAN SUSAN,616 MELROSE AVE,WILMINGTON,2024-08-29,140000,139000
722,BENGOL REAL ESTATES GROUP LLC,SHALLCROSS MORTGAGE COMPANY,15 PAYNTER DR,WILMINGTON,2024-08-29,0,110000
723,J STEVENS CONSTRUCTION INC,SANDLER STANLEY,219 MERCURY RD,NEWARK,2024-08-29,0,490000
724,ROSE PROPERTY MANAGEMENT LLC,SPG CAPITAL FUND I LLC,115 DENN PL,WILMINGTON,2024-08-29,145000,200000
725,VICTORINO LLC,TVC FUNDING I LLC,32 MALVERN RD,NEWARK,2024-08-29,240000,265439
726,SHORE MECHANICAL SERVICES INC,COUNTY BANK,,MILTON,2024-08-29,314000,235500
727,SHORE MECHANICAL SERVICES INC,COUNTY BANK,,MILTON,2024-08-29,314000,235500
728,BROADKILL VENTURES LLC,STONE MICHAEL,232 LONG NECK CIR,MILLSBORO,2024-08-28,104990,105000
729,BIGG JIMS HOMES LLC,DOMINION FIN'L SERVICES LLC,813 HUSTON ST,SEAFORD,2024-08-27,160000,179500
730,SPRE LLC,LARRYS LATE NIGHT LENDING LLC,533 N CLAYTON ST,WILMINGTON,2024-08-26,83000,141000
731,26 COASTAL COTTAGE LLC,THE FARMERS BANK,101 ATLANTIC AVE,OCEAN VIEW,2024-08-26,1050000,840000
732,MEIKLE-WANG INVESTMENTS LLC,THE FARMERS BANK,91 ATLANTIC AVE,OCEAN VIEW,2024-08-26,475000,380000
733,26 COASTAL COTTAGE LLC,THE FARMERS BANK,95 ATLANTIC AVE,OCEAN VIEW,2024-08-26,1050000,840000
734,BENGOL REAL ESTATE GROUP LLC,SHALLCROSS MORTGAGE COMPANY,33 BENNING RD,CLAYMONT,2024-08-23,290500,310000
735,UPPER ROOM GROUP LLC,WAGMAN GREGORY,622 DELAWARE AVE,CLAYMONT,2024-08-23,185000,240000
736,WILMDE LLC-SERIES 514 CENTERVILLE,LENDINGONE LLC,514 CENTERVILLE RD,WILMINGTON,2024-08-23,0,229500
737,UPPER ROOM GROUP LLC,ANCHOR LOANS LP,710 NEW LONDON RD,NEWARK,2024-08-23,150000,157500
738,PARK PLACE ENTERPRISES LLC,STONE BAY HOLDINGS II LLC,127 BOSS BROWN LN,CAMDEN WYOMING,2024-08-22,135000,207000
739,SEPA INVEST LLC,STONE BAY HOLDINGS II LLC,1022 LINDEN ST,WILMINGTON,2024-08-22,0,100000
740,NGUYEN PROPERTIES ENT LLC,ANCHOR LOANS LP,202 MAY AVE,NEW CASTLE,2024-08-22,160000,205190
741,VRD AT DOVER LLC,CENTENNIAL BANK,1258 S BAY RD,DOVER,2024-08-21,375000,3974471
742,PG & SONS PROPERTIES LLC,RCN CAPITAL LLC,2217 N PINE ST,WILMINGTON,2024-08-21,55700,112195
743,ULTIMATE FIRE PROTECTION LLC,TRUE ACCESS CAPITAL CORP,1626 THATCHER ST,WILMINGTON,2024-08-21,0,160000
744,PAM MARK PROPERTIES LLC,HAILSTONE JAMES,23 HOLDEN DR,NEW CASTLE,2024-08-21,0,200000
745,BIGG JIMS HOMES LLC,CAMA SDIRA LLC,30348 FIRE TOWER RD,LAUREL,2024-08-21,95000,195000
746,PINNACLE REALTY INVESTMENTS LLC,DEEPHAVEN MORTGAGE LLC,33506 BELVEDERE ST,MILLVILLE,2024-08-21,385000,288750
747,BIGG JIMS HOMES LLC,DOMINION FIN'L SERVICES LLC,34515 MAPLE DR,LEWES,2024-08-21,300000,346500
748,ZAHRAREALTY LLC,DOUBLE BACKFLIP LLC,562 ASHLAND AVE,CAMDEN WYOMING,2024-08-20,335000,302000
749,COASTAL HOLDINGS LLC,RESIDENTIAL CAPITAL PARTNERS S,28870 ONEALS RD,SEAFORD,2024-08-20,150000,185570
750,HAM & CHEESE LLC,WORLDWIDE INVESTORS SOLUTIONS,107 E 24TH ST,WILMINGTON,2024-08-16,75000,130000
751,AFTA AFEXX REALTY LLC,SHALLCROSS MORTGAGE COMPANY,1718 W 6TH ST,WILMINGTON,2024-08-16,0,198000
752,NOVA INDUSTRIES LLC,SHALLCROSS MORTGAGE COMPANY,109 WILTSHIRE RD,CLAYMONT,2024-08-16,0,185000
753,J W L REALTY INC,HOME TREATMENTS LLC,28 VANSANT RD,NEWARK,2024-08-15,0,295000
754,SEPA INVEST LLC,EDWARD B WAGMAN MONARCH IRREVO,1307 W 5TH ST,WILMINGTON,2024-08-14,0,140000
755,HAM & CHEESE LLC,WORLDWIDE INVESTORS SOLUTIONS,1 E 24TH ST,WILMINGTON,2024-08-14,0,120000
756,WOODLINPROPERTYMANAGEMENT LLC,HARVEST SMALL BUSN FINANCE LLC,207 RUTH DR,MIDDLETOWN,2024-08-13,0,1190000
757,PROPERTIES 81 LLC,RCN CAPITAL LLC,2304 JESSUP ST,WILMINGTON,2024-08-12,0,101500
758,BRIGHTNOVA INC,COMMERCIAL LENDER LLC,814 E 17TH ST,WILMINGTON,2024-08-12,0,124200
759,BENGOL REAL ESTATES GROUP LLC,SHALLCROSS MORTGAGE COMPANY,312 W VAN BUREN AVE,NEW CASTLE,2024-08-12,0,240000
760,NAJERA PROPERTIES LLC,JIAYUN LLC,1326 READ ST,WILMINGTON,2024-08-09,0,100000
761,PREMIER ONE PROPERTIES LLC,HOME TREATMENTS LLC,77 OAKMONT DR,NEW CASTLE,2024-08-09,135000,135000
762,HERRITAGE INVESTMENT PROPERTIES LLC,BLUE WATER INVESTMENT LLC,14370 RUSSELL ST,MILTON,2024-08-09,85700,205000
763,B AND C ENTERPRISES LLC,JOSEPH T MOORE REVOCABLE TRUST,20220 COASTAL HWY,REHOBOTH BEACH,2024-08-09,2050000,2050000
764,JMN CONSTRUCTION LLC,SHALLCROSS MORTGAGE COMPANY,502 N FRANKLIN ST,WILMINGTON,2024-08-08,0,140000
765,MPI PROPERTIES LLC,SHALLCROSS MORTGAGE COMPANY,2708 N VAN BUREN ST,WILMINGTON,2024-08-08,149900,210000
766,SHORELINE GETAWAYS LLC,NEWREZ LLC,32664 SAND DUNE DR,LEWES,2024-08-08,900000,500000
767,HANAE PROPERTIES LLC,SHALLCROSS MORTGAGE COMPANY,2328 BOWERS BEACH RD,FREDERICA,2024-08-07,300000,320000
768,AJ NEW CASTLE LLC,ARTISANS' BANK,819 WASHINGTON ST,HISTORIC NEW CASTLE,2024-08-07,0,484000
769,AJ NEW CASTLE LLC,ARTISANS' BANK,815 WASHINGTON ST,HISTORIC NEW CASTLE,2024-08-07,0,484000
770,JEM SQUARED LLC,OAKTREE FUNDING CORP,3 JAMISON ST,NEWARK,2024-08-07,0,122606
771,DAISY DEALS LLC,TVC FUNDING II LLC,33 E COMMERCE ST,SMYRNA,2024-08-06,205000,212595
772,FALIHA INVESTMENTS LLC,HORIZON FARM CREDIT ACA,22 N GOVERNORS AVE,DOVER,2024-08-05,125000,100000
773,BENGOL REAL ESTATES GROUP LLC,ICE LENDER HOLDINGS LLC,4 PAYNTER DR,WILMINGTON,2024-08-05,0,920000
774,BENGOL REAL ESTATES GROUP LLC,ICE LENDER HOLDINGS LLC,57 S CANNON DR,WILMINGTON,2024-08-05,0,920000
775,BENGOL REAL ESTATES GROUP LLC,ICE LENDER HOLDINGS LLC,48 N PENNEWELL DR,WILMINGTON,2024-08-05,0,920000
776,BENGOL REAL ESTATES GROUP LLC,ICE LENDER HOLDINGS LLC,27 N PENNEWELL DR,WILMINGTON,2024-08-05,0,920000
777,BENGOL REAL ESTATES GROUP LLC,ICE LENDER HOLDINGS LLC,29 N CANNON DR,WILMINGTON,2024-08-05,0,920000
778,BENGOL REAL ESTATES GROUP LLC,ICE LENDER HOLDINGS LLC,37 N CANNON DR,WILMINGTON,2024-08-05,0,920000
779,BENGOL REAL ESTATES GROUP LLC,ICE LENDER HOLDINGS LLC,41 N CANNON DR,WILMINGTON,2024-08-05,0,920000
780,BENGOL REAL ESTATES GROUP LLC,ICE LENDER HOLDINGS LLC,57 N CANNON DR,WILMINGTON,2024-08-05,0,920000
781,BENGOL REAL ESTATES GROUP LLC,ICE LENDER HOLDINGS LLC,13 POLK DR,WILMINGTON,2024-08-05,0,920000
782,BENGOL REAL ESTATES GROUP LLC,ICE LENDER HOLDINGS LLC,26 S RODNEY DR,WILMINGTON,2024-08-05,0,920000
783,ZAHRA REALTY LLC,DOMINION FIN'L SERVICES LLC,125 SAINT JOHN DR,WILMINGTON,2024-08-05,0,144000
784,MARYLAND SELL NOW LLC,ZAK INVESTMENTS LLC,56 BETTS AVE,NEW CASTLE,2024-08-02,120000,260000
785,BIGG JIMS HOMES LLC,DOMINION FIN'L SERVICES LLC,25736 DEEP BRANCH RD,MILTON,2024-08-02,100000,196500
786,UPSCALE MAN II CORP,LOAN FUNDER LLC,1976 MILFORD HARRINGTON HWY,MILFORD,2024-08-01,195000,227500
787,BUI BUILDERS INC,BLUE GATE CAPITAL LLC,51 CYPRESS BRIDGE PL,BEAR,2024-08-01,0,205445
788,A V LANDSCAPING & HARDSCAPING THE BLESSING LL,STRATEGIC GROWTH CAPITAL LLC,918 BRIDGEVILLE HWY,SEAFORD,2024-08-01,175000,199200
789,DIAMOND STATE HOUSING LLC,SHORE UNITED BANK NA,8 FOREST CREEK DR,DOVER,2024-07-31,150000,120000
790,COMMERCE VENTURE GROUP LLC,SPG CAPITAL FUND I LLC,109 FORREST AVE,WILMINGTON,2024-07-31,128000,160000
791,CHURCHBOY ENTERPRISES LLC,CROSSCOUNTRY MORTGAGE LLC,2610 CRESTON PL,WILMINGTON,2024-07-31,0,144000
792,MITCHELL WILLIAM,SHALLCROSS MORTGAGE COMPANY,112 E 42ND ST,WILMINGTON,2024-07-31,147000,170000
793,EIGHTY EIGHT VENTURES LLC,INSULA CAPITAL GROUP LLC,7 CYPRESS AVE,WILMINGTON,2024-07-31,0,205000
794,DREAMS UNLIMITED LLC,SECURED INV HIGH YIELD FUND II,123 MARKET ST,BRIDGEVILLE,2024-07-31,110000,227500
795,RIVERA PROPERTY GROUP LLC,CRAVENS LEONA,260 N GOVERNORS BLVD,DOVER,2024-07-30,155000,105000
796,L & L CONTRACTING INC,CARDINAL FIN'L CO LP,74 TARAILA RD,MARYDEL,2024-07-30,365000,365000
797,NEWARK DEVELOPMENT GROUP LLC,ARTISANS' BANK,272 S CHAPEL ST,NEWARK,2024-07-30,600000,375000
798,GAKKHAR LLC,HORIZON FARM CREDIT ACA,8615 GARDEN LN,SEAFORD,2024-07-30,112590,89600
799,SELECTIVE REAL ESTATE SOLUTIONS LLC,LARRYS LATE NIGHT LENDING LLC,82 AVIGNON DR,NEWARK,2024-07-29,0,369575
800,SPRINGFIELD LLC,HAILSTONE JAMES,217 KENMARK RD,NEWARK,2024-07-29,191500,260000
801,ZAHRAREALTY LLC,MEANS DOMINION FIN'L SVC LLC,37 S DUPONT RD,WILMINGTON,2024-07-26,200000,198000
802,82 AUGUSTA LLC,ATLIS MERION REIT LLC,105 ANDERSON RD,NEWARK,2024-07-26,205789,205000
803,33 REHOBOTH BEACH HOUSE LLC,RAYMOND JAMES BANK,33 MARYLAND AVE,REHOBOTH BEACH,2024-07-26,2150000,1200000
804,HCA MODEL FUND 2018-15 TEXAS LLC,CORNERSTONE CAPITAL BANK SSB,30 BUXTON CIR,MAGNOLIA,2024-07-26,410000,40000000
805,HCA MODEL FUND 2018-15 TEXAS LLC,CORNERSTONE CAPITAL BANK SSB,16 BUXTON CIR,MAGNOLIA,2024-07-26,451000,40000000
806,HH CONTRIBUTION LLC,RFLF 7 LLC,627 SOUTHWOOD RD,HOCKESSIN,2024-07-25,290000,217500
807,BRANDBERLY LLC,DOUBLE BACKFLIP LLC,117 WOLCOTT ST,HARRINGTON,2024-07-23,153900,183740
808,BERNER GROUP LLC,ARTISANS' BANK,109 N DUPONT RD,WILMINGTON,2024-07-23,0,440000
809,JRO LLC,ZINGARO JANE,113 THAMES DR,DOVER,2024-07-22,161850,115000
810,BEACH ROVERS LLC,BONHAM ROBERT,22 ARNELL RD,REHOBOTH BEACH,2024-07-22,589050,589050
811,BIGG JIMS HOMES LLC,MCSULL INVESTMENTS LP,35346 DANNYS DR,LAUREL,2024-07-22,120000,197000
812,BRIGHT SIDE PROPERTY GROUP LLC,STONE MICHAEL,4 MIFFLIN RD,DOVER,2024-07-19,170000,175000
813,MN PROPERTIES LLC,SHALLCROSS MORTGAGE COMPANY,505 RODMAN ST,WILMINGTON,2024-07-19,115000,150000
814,BRIGHTNOVA INC,COMMERCIAL LENDER LLC,113 N FRANKLIN ST,WILMINGTON,2024-07-19,0,129150
815,RED STONE RANCH LLC,HORIZON FARM CREDIT ACA,6952 PEARSONS CORNER RD,DOVER,2024-07-18,1500000,971500
816,SEPA INVEST LLC,STONE BAY HOLDINGS LLC,921 N PINE ST,WILMINGTON,2024-07-18,40500,140000
817,NINE22 LLC,UNITED WHOLESALE MORTGAGE LLC,407 S CLAYMONT ST,WILMINGTON,2024-07-18,0,86250
818,SANCOR REAL ESTATE LLC,MORTGAGE FUNDING 04 LLC,1907 NEWPORT GAP PIKE,WILMINGTON,2024-07-18,0,217800
819,SELECTIVE REAL ESTATE SOLUTIONS LLC,LARRYS LATE NIGHT LENDING LLC,21 MONTICELLO BLVD,NEW CASTLE,2024-07-18,0,292750
820,RESERVE AT TIMBERLAKE LLC,KEYSTONE FUNDING INC,40 PAYSAN LN,MAGNOLIA,2024-07-17,485000,363750
821,TRUST PROPERTIES LLC,SHALLCROSS MORTGAGE COMPANY,8972 BURNITE MILL RD,FELTON,2024-07-17,217000,275000
822,GM CAPITAL INVESTMENTS INC,BRRRR FUNDER LLC,1508 W 3RD ST,WILMINGTON,2024-07-17,0,232000
823,DE HOME SOLUTIONS LLC,SHALLCROSS MORTGAGE COMPANY,26 STROUD ST,WILMINGTON,2024-07-17,0,168000
824,CITY LIVING LLC,KELLY KEVIN,2623 DARBY DR,WILMINGTON,2024-07-17,0,180000
825,WESTMORELAND ASSOCIATES LLC,APPLIED BANK,401 S MARYLAND AVE,WILMINGTON,2024-07-17,1512000,1312000
826,GODSPEED TRANSPORT LLC,DEL-ONE FEDERAL CREDIT UNION,105 CLEVELAND AVE,WILMINGTON,2024-07-17,0,283341
827,WINGO HOLDINGS LLC,KNIGHT OWL HOLDINGS IV LLC,1026 S CHAPEL ST,NEWARK,2024-07-16,560000,560000
828,DELAWARE HOME RENOVATIONS LLC,PARIKH ANUSH,10 PETRO DR,WILMINGTON,2024-07-16,0,210000
829,JJPI HOMES LLC,LARRYS LATE NIGHT LENDING LLC,405 WEST AVE,NEW CASTLE,2024-07-16,0,200000
830,ORANGE OWL LLC,SILVER HILL FUNDING LLC,506 STEWARTON CT,NEWARK,2024-07-15,0,138200
831,JRO LLC,MCKINLEY C,1369 LONGRIDGE RD,CLAYTON,2024-07-12,103500,110000
832,FIRST STATE REAL ESTATE INVESTMENT LLC,BYLER INVESTMENTS LLC,928 BAY RD,MILFORD,2024-07-12,245000,252414
833,FIRST STATE REAL ESTATE INVESTMENT LLC,BYLER INVESTMENTS LLC,16 S NEW ST,DOVER,2024-07-12,245000,252414
834,ONE-PIE INVESTMENTS LLC,PRE HOLDING RESIDENTIAL LLC,2714 SPEAKMAN PL,WILMINGTON,2024-07-12,0,150000
835,MAIN AND MACKALL LLC,DOUBLE BACKFLIP LLC,2205 CARTER ST,WILMINGTON,2024-07-12,0,157073
836,E DEED INVESTMENTS LLC,OAKTREE FUNDING CORP,301 JACKSON AVE,WILMINGTON,2024-07-12,559900,419925
837,E DEED INVESTMENTS LLC,OAKTREE FUNDING CORP,301 JACKSON AVE,WILMINGTON,2024-07-12,559900,419925
838,M & P PROPERTY GROUP LLC,MANUFACTURERS & TRADERS TR CO/,14490 DEER FOREST RD,BRIDGEVILLE,2024-07-12,575000,460000
839,NAS HOMES LLC,CINNAIRE LENDING CORPORATION,2413 N WASHINGTON ST,WILMINGTON,2024-07-10,115000,750000
840,GOMEZ INVESTMENT PROPERTIES LLC,SHALLCROSS MORTGAGE COMPANY,211 W AYRE ST,WILMINGTON,2024-07-09,105000,160000
841,YESOD PROPERTIES LLC,SHALLCROSS MORTGAGE COMPANY,931 CLIFFORD BROWN WALK,WILMINGTON,2024-07-09,0,120000
842,DLS2 PROPERTIES LLC,RCN CAPITAL LLC,514 SPARROW CT,NEWARK,2024-07-09,180000,179175
843,JAY-RO BUILDERS INC,PF 504 LLC,79 MCGINNIS POND RD,FELTON,2024-07-08,170500,303200
844,HANCOCK PROPERTIES LLC,RRR GROUP INC,18 ANNA AVE,BEAR,2024-07-08,325000,370000
845,HAM & CHEESE LLC,WORLDWIDE INVESTORS SOLUTIONS,611 E 22ND ST,WILMINGTON,2024-07-05,38500,105000
846,HMP MANAGEMENT LLC,LENDSURE MORTGAGE CORP,1135 LANCASTER AVE,WILMINGTON,2024-07-05,0,127500
847,MONACO REAL ESTATE LLC,SPG CAPITAL FUND I LLC,608 WINDSOR AVE,WILMINGTON,2024-07-03,0,210000
848,CEDAR RUN APARTMENTS LLC,PAS MORTGAGE INC,24247 OLD MEADOW RD,SEAFORD,2024-07-03,195000,250000
849,CS RENOVATION LLC,YANG KATHY,109 NEW YORK AVE,CLAYMONT,2024-07-02,166000,162800
